customer_code,customer_name,Customer Map,Active?,door_type,budget_month,budget_amount,sheet_name,workbook_name,workbook_type,header_row,currency_code,market_group,region,sub_region,company_group,Sales person,sales_person,load_ts,Region,Country,2025 Cluster,channel,2026 Cluster,source_section,budget_version,budget_amount_native,fx_rate_to_eur,budget_amount_eur_compare
10016,FUTURETHIS CONSULTANCY (PTY) LTD.,Distributor - South Africa,Yes,,2022-01-01,595973.57,Budget,2025.09.24 Export Sales Budget 2026 vSU.xlsx,export_budget,2,EUR,Export,Export,,Company 1,,,2026-03-26T10:51:14+00:00,,,,,,,2025.09.24,595973.57,1.0,595973.57
10018,qbeauty GmbH,Distributor - Austria,Yes,,2022-01-01,422200.38999999996,Budget,2025.09.24 Export Sales Budget 2026 vSU.xlsx,export_budget,2,EUR,Export,Export,,Company 1,,,2026-03-26T10:51:14+00:00,,,,,,,2025.09.24,422200.38999999996,1.0,422200.38999999996
10022,"Medicosmetic Group, LLC; Moskau",Distributor - Russia,Yes,,2022-01-01,282425.12000000005,Budget,2025.09.24 Export Sales Budget 2026 vSU.xlsx,export_budget,2,EUR,Export,Export,,Company 1,,,2026-03-26T10:51:14+00:00,,,,,,,2025.09.24,282425.12000000005,1.0,282425.12000000005
10024,Arek Dawidowski; Polen,Distributor - Poland,Yes,,2022-01-01,27208.770000000004,Budget,2025.09.24 Export Sales Budget 2026 vSU.xlsx,export_budget,2,EUR,Export,Export,,Company 1,,,2026-03-26T10:51:14+00:00,,,,,,,2025.09.24,27208.770000000004,1.0,27208.770000000004
10031,SpaTrend Wellness Kft; Hungary,Distributor - Hungary,Yes,,2022-01-01,53137.829999999994,Budget,2025.09.24 Export Sales Budget 2026 vSU.xlsx,export_budget,2,EUR,Export,Export,,Company 1,,,2026-03-26T10:51:14+00:00,,,,,,,2025.09.24,53137.829999999994,1.0,53137.829999999994
10034,Ben´s Daughters LTD; Albanien,Distributor - Albania,Yes,,2022-01-01,12874.75,Budget,2025.09.24 Export Sales Budget 2026 vSU.xlsx,export_budget,2,EUR,Export,Export,,Company 1,,,2026-03-26T10:51:14+00:00,,,,,,,2025.09.24,12874.75,1.0,12874.75
10039,Spalanga; Litauen,Distributor - Lithuania,Yes,,2022-01-01,63078.46999999999,Budget,2025.09.24 Export Sales Budget 2026 vSU.xlsx,export_budget,2,EUR,Export,Export,,Company 1,,,2026-03-26T10:51:14+00:00,,,,,,,2025.09.24,63078.46999999999,1.0,63078.46999999999
10040,All time beauty; Estland,Distributor - Estonia,Yes,,2022-01-01,26625.24,Budget,2025.09.24 Export Sales Budget 2026 vSU.xlsx,export_budget,2,EUR,Export,Export,,Company 1,,,2026-03-26T10:51:14+00:00,,,,,,,2025.09.24,26625.24,1.0,26625.24
10043,ETERNAL REVIVE (Jiessie); China;,Distributor - China,Yes,,2022-01-01,86346.48,Budget,2025.09.24 Export Sales Budget 2026 vSU.xlsx,export_budget,2,EUR,Export,Export,,Company 1,,,2026-03-26T10:51:14+00:00,,,,,,,2025.09.24,86346.48,1.0,86346.48
10044,"PRIVÉ AESTHETICS, Qatar",Inactive,No,,2022-01-01,0.0,Budget,2025.09.24 Export Sales Budget 2026 vSU.xlsx,export_budget,2,EUR,Export,Export,,Company 1,,,2026-03-26T10:51:14+00:00,,,,,,,2025.09.24,0.0,1.0,0.0
10046,"Wellness Pot, Malaysia",Distributor - Malaysia,No,,2022-01-01,0.0,Budget,2025.09.24 Export Sales Budget 2026 vSU.xlsx,export_budget,2,EUR,Export,Export,,Company 1,,,2026-03-26T10:51:14+00:00,,,,,,,2025.09.24,0.0,1.0,0.0
10047,Thanassis Zachariadis; Greece,Distributor - Greece,Yes,,2022-01-01,0.0,Budget,2025.09.24 Export Sales Budget 2026 vSU.xlsx,export_budget,2,EUR,Export,Export,,Company 1,,,2026-03-26T10:51:14+00:00,,,,,,,2025.09.24,0.0,1.0,0.0
10049,Biokozmetika D.O.O.; Kroatien,Distributor - Croatia,Yes,,2022-01-01,0.0,Budget,2025.09.24 Export Sales Budget 2026 vSU.xlsx,export_budget,2,EUR,Export,Export,,Company 1,,,2026-03-26T10:51:14+00:00,,,,,,,2025.09.24,0.0,1.0,0.0
10052,Sapphire Limited_CRE03; inaktiv,Inactive,No,,2022-01-01,0.0,Budget,2025.09.24 Export Sales Budget 2026 vSU.xlsx,export_budget,2,EUR,Export,Export,,Company 1,,,2026-03-26T10:51:14+00:00,,,,,,,2025.09.24,0.0,1.0,0.0
10053,Eurasia Cosmetics Co. Ltd.; Bangkok; Thailand,Distributor - Thailand,No,,2022-01-01,0.0,Budget,2025.09.24 Export Sales Budget 2026 vSU.xlsx,export_budget,2,EUR,Export,Export,,Company 1,,,2026-03-26T10:51:14+00:00,,,,,,,2025.09.24,0.0,1.0,0.0
10054,QMS Distributor Slovakia+Czechia s.r.o.; Slowakai,Distributor - Slowakia,Yes,,2022-01-01,0.0,Budget,2025.09.24 Export Sales Budget 2026 vSU.xlsx,export_budget,2,EUR,Export,Export,,Company 1,,,2026-03-26T10:51:14+00:00,,,,,,,2025.09.24,0.0,1.0,0.0
10058,Mweya Luxury FZCO; Dubai,Distributor - Middle East,Yes,,2022-01-01,0.0,Budget,2025.09.24 Export Sales Budget 2026 vSU.xlsx,export_budget,2,EUR,Export,Export,,Company 1,,,2026-03-26T10:51:14+00:00,,,,,,,2025.09.24,0.0,1.0,0.0
10062,PE Yegunova Anzhela; Ukraine,Distributor - Ukraine,Yes,,2022-01-01,0.0,Budget,2025.09.24 Export Sales Budget 2026 vSU.xlsx,export_budget,2,EUR,Export,Export,,Company 1,,,2026-03-26T10:51:14+00:00,,,,,,,2025.09.24,0.0,1.0,0.0
28000,SISU; Orange Life; Mariele Leite; Portugal,Direct Customer,Yes,,2022-01-01,0.0,Budget,2025.09.24 Export Sales Budget 2026 vSU.xlsx,export_budget,2,EUR,Export,Export,,Company 1,,,2026-03-26T10:51:14+00:00,,,,,,,2025.09.24,0.0,1.0,0.0
35940,Thanos Hotels Ltd.-Almyra; Zypern,Direct Customer,Yes,,2022-01-01,1289.27,Budget,2025.09.24 Export Sales Budget 2026 vSU.xlsx,export_budget,2,EUR,Export,Export,,Company 1,,,2026-03-26T10:51:14+00:00,,,,,,,2025.09.24,1289.27,1.0,1289.27
35945,Thanos Hotels Ltd.-Annabelle; Zypern,Direct Customer,Yes,,2022-01-01,2270.5899999999997,Budget,2025.09.24 Export Sales Budget 2026 vSU.xlsx,export_budget,2,EUR,Export,Export,,Company 1,,,2026-03-26T10:51:14+00:00,,,,,,,2025.09.24,2270.5899999999997,1.0,2270.5899999999997
35952,Mandarin Oriental; Hong Kong,Direct Customer,Yes,,2022-01-01,45650.61,Budget,2025.09.24 Export Sales Budget 2026 vSU.xlsx,export_budget,2,EUR,Export,Export,,Company 1,,,2026-03-26T10:51:14+00:00,,,,,,,2025.09.24,45650.61,1.0,45650.61
10042,Pure Glow Cosmetics Trading S.A.; Griechenland,Inactive,No,,2022-01-01,0.0,Budget,2025.09.24 Export Sales Budget 2026 vSU.xlsx,export_budget,2,EUR,Export,Export,,Company 1,,,2026-03-26T10:51:14+00:00,,,,,,,2025.09.24,0.0,1.0,0.0
10050,OG Brands;Israel;Dana Zilberstein; Interessent,Inactive,No,,2022-01-01,0.0,Budget,2025.09.24 Export Sales Budget 2026 vSU.xlsx,export_budget,2,EUR,Export,Export,,Company 1,,,2026-03-26T10:51:14+00:00,,,,,,,2025.09.24,0.0,1.0,0.0
10051,"Luxuria Group, Bechara Sleiman; Dubai; Interessent",Inactive,No,,2022-01-01,0.0,Budget,2025.09.24 Export Sales Budget 2026 vSU.xlsx,export_budget,2,EUR,Export,Export,,Company 1,,,2026-03-26T10:51:14+00:00,,,,,,,2025.09.24,0.0,1.0,0.0
10055,NAJAFI INTERNATIONAL GENERAL TRADING LLC.;Interessent,Inactive,No,,2022-01-01,0.0,Budget,2025.09.24 Export Sales Budget 2026 vSU.xlsx,export_budget,2,EUR,Export,Export,,Company 1,,,2026-03-26T10:51:14+00:00,,,,,,,2025.09.24,0.0,1.0,0.0
10056,PEARL TREE; Interessent,Inactive,No,,2022-01-01,0.0,Budget,2025.09.24 Export Sales Budget 2026 vSU.xlsx,export_budget,2,EUR,Export,Export,,Company 1,,,2026-03-26T10:51:14+00:00,,,,,,,2025.09.24,0.0,1.0,0.0
10060,FAME Dmytro Zolotukhin - Interessent,Inactive,No,,2022-01-01,0.0,Budget,2025.09.24 Export Sales Budget 2026 vSU.xlsx,export_budget,2,EUR,Export,Export,,Company 1,,,2026-03-26T10:51:14+00:00,,,,,,,2025.09.24,0.0,1.0,0.0
10061,LUXASIA PTE LTD.; Singapore; Interessent,Inactive,No,,2022-01-01,0.0,Budget,2025.09.24 Export Sales Budget 2026 vSU.xlsx,export_budget,2,EUR,Export,Export,,Company 1,,,2026-03-26T10:51:14+00:00,,,,,,,2025.09.24,0.0,1.0,0.0
35942,Hotel Puente Romano; Spanien,Inactive,No,,2022-01-01,0.0,Budget,2025.09.24 Export Sales Budget 2026 vSU.xlsx,export_budget,2,EUR,Export,Export,,Company 1,,,2026-03-26T10:51:14+00:00,,,,,,,2025.09.24,0.0,1.0,0.0
35944,Mandarin Oriental; Italy,Inactive,No,,2022-01-01,10230.89,Budget,2025.09.24 Export Sales Budget 2026 vSU.xlsx,export_budget,2,EUR,Export,Export,,Company 1,,,2026-03-26T10:51:14+00:00,,,,,,,2025.09.24,10230.89,1.0,10230.89
35947,Semeli Hotel; Mykonos,Inactive,No,,2022-01-01,0.0,Budget,2025.09.24 Export Sales Budget 2026 vSU.xlsx,export_budget,2,EUR,Export,Export,,Company 1,,,2026-03-26T10:51:14+00:00,,,,,,,2025.09.24,0.0,1.0,0.0
35948,Mme Aurelly D; Frankreich,Inactive,No,,2022-01-01,0.0,Budget,2025.09.24 Export Sales Budget 2026 vSU.xlsx,export_budget,2,EUR,Export,Export,,Company 1,,,2026-03-26T10:51:14+00:00,,,,,,,2025.09.24,0.0,1.0,0.0
35950,Amilla Hotel; Maldives,Inactive,No,,2022-01-01,5618.79,Budget,2025.09.24 Export Sales Budget 2026 vSU.xlsx,export_budget,2,EUR,Export,Export,,Company 1,,,2026-03-26T10:51:14+00:00,,,,,,,2025.09.24,5618.79,1.0,5618.79
35953,Park Hyatt Hotel; Canada,Inactive,No,,2022-01-01,0.0,Budget,2025.09.24 Export Sales Budget 2026 vSU.xlsx,export_budget,2,EUR,Export,Export,,Company 1,,,2026-03-26T10:51:14+00:00,,,,,,,2025.09.24,0.0,1.0,0.0
35954,Galeries Lafayette Management,Inactive,No,,2022-01-01,22254.899999999998,Budget,2025.09.24 Export Sales Budget 2026 vSU.xlsx,export_budget,2,EUR,Export,Export,,Company 1,,,2026-03-26T10:51:14+00:00,,,,,,,2025.09.24,22254.899999999998,1.0,22254.899999999998
35956,Munique; Thailand,Inactive,No,,2022-01-01,0.0,Budget,2025.09.24 Export Sales Budget 2026 vSU.xlsx,export_budget,2,EUR,Export,Export,,Company 1,,,2026-03-26T10:51:14+00:00,,,,,,,2025.09.24,0.0,1.0,0.0
35957,Water Oasis Group Ltd.; Judy Kan; Interessent,Inactive,No,,2022-01-01,0.0,Budget,2025.09.24 Export Sales Budget 2026 vSU.xlsx,export_budget,2,EUR,Export,Export,,Company 1,,,2026-03-26T10:51:14+00:00,,,,,,,2025.09.24,0.0,1.0,0.0
10057,Olympia Industries Ltd; Indien,Distributor - India,Yes,,2022-01-01,0.0,Budget,2025.09.24 Export Sales Budget 2026 vSU.xlsx,export_budget,2,EUR,Export,Export,,Company 1,,,2026-03-26T10:51:14+00:00,,,,,,,2025.09.24,0.0,1.0,0.0
10016,FUTURETHIS CONSULTANCY (PTY) LTD.,Distributor - South Africa,Yes,,2023-01-01,538700.35,Budget,2025.09.24 Export Sales Budget 2026 vSU.xlsx,export_budget,2,EUR,Export,Export,,Company 1,,,2026-03-26T10:51:14+00:00,,,,,,,2025.09.24,538700.35,1.0,538700.35
10018,qbeauty GmbH,Distributor - Austria,Yes,,2023-01-01,380235.75000000006,Budget,2025.09.24 Export Sales Budget 2026 vSU.xlsx,export_budget,2,EUR,Export,Export,,Company 1,,,2026-03-26T10:51:14+00:00,,,,,,,2025.09.24,380235.75000000006,1.0,380235.75000000006
10022,"Medicosmetic Group, LLC; Moskau",Distributor - Russia,Yes,,2023-01-01,284764.63,Budget,2025.09.24 Export Sales Budget 2026 vSU.xlsx,export_budget,2,EUR,Export,Export,,Company 1,,,2026-03-26T10:51:14+00:00,,,,,,,2025.09.24,284764.63,1.0,284764.63
10024,Arek Dawidowski; Polen,Distributor - Poland,Yes,,2023-01-01,58962.41,Budget,2025.09.24 Export Sales Budget 2026 vSU.xlsx,export_budget,2,EUR,Export,Export,,Company 1,,,2026-03-26T10:51:14+00:00,,,,,,,2025.09.24,58962.41,1.0,58962.41
10031,SpaTrend Wellness Kft; Hungary,Distributor - Hungary,Yes,,2023-01-01,48125.27999999999,Budget,2025.09.24 Export Sales Budget 2026 vSU.xlsx,export_budget,2,EUR,Export,Export,,Company 1,,,2026-03-26T10:51:14+00:00,,,,,,,2025.09.24,48125.27999999999,1.0,48125.27999999999
10034,Ben´s Daughters LTD; Albanien,Distributor - Albania,Yes,,2023-01-01,7613.94,Budget,2025.09.24 Export Sales Budget 2026 vSU.xlsx,export_budget,2,EUR,Export,Export,,Company 1,,,2026-03-26T10:51:14+00:00,,,,,,,2025.09.24,7613.94,1.0,7613.94
10039,Spalanga; Litauen,Distributor - Lithuania,Yes,,2023-01-01,64261.03,Budget,2025.09.24 Export Sales Budget 2026 vSU.xlsx,export_budget,2,EUR,Export,Export,,Company 1,,,2026-03-26T10:51:14+00:00,,,,,,,2025.09.24,64261.03,1.0,64261.03
10040,All time beauty; Estland,Distributor - Estonia,Yes,,2023-01-01,30901.359999999997,Budget,2025.09.24 Export Sales Budget 2026 vSU.xlsx,export_budget,2,EUR,Export,Export,,Company 1,,,2026-03-26T10:51:14+00:00,,,,,,,2025.09.24,30901.359999999997,1.0,30901.359999999997
10043,ETERNAL REVIVE (Jiessie); China;,Distributor - China,Yes,,2023-01-01,0.0,Budget,2025.09.24 Export Sales Budget 2026 vSU.xlsx,export_budget,2,EUR,Export,Export,,Company 1,,,2026-03-26T10:51:14+00:00,,,,,,,2025.09.24,0.0,1.0,0.0
10044,"PRIVÉ AESTHETICS, Qatar",Inactive,No,,2023-01-01,7298.01,Budget,2025.09.24 Export Sales Budget 2026 vSU.xlsx,export_budget,2,EUR,Export,Export,,Company 1,,,2026-03-26T10:51:14+00:00,,,,,,,2025.09.24,7298.01,1.0,7298.01
10046,"Wellness Pot, Malaysia",Distributor - Malaysia,No,,2023-01-01,20438.399999999998,Budget,2025.09.24 Export Sales Budget 2026 vSU.xlsx,export_budget,2,EUR,Export,Export,,Company 1,,,2026-03-26T10:51:14+00:00,,,,,,,2025.09.24,20438.399999999998,1.0,20438.399999999998
10047,Thanassis Zachariadis; Greece,Distributor - Greece,Yes,,2023-01-01,515.09,Budget,2025.09.24 Export Sales Budget 2026 vSU.xlsx,export_budget,2,EUR,Export,Export,,Company 1,,,2026-03-26T10:51:14+00:00,,,,,,,2025.09.24,515.09,1.0,515.09
10049,Biokozmetika D.O.O.; Kroatien,Distributor - Croatia,Yes,,2023-01-01,4747.03,Budget,2025.09.24 Export Sales Budget 2026 vSU.xlsx,export_budget,2,EUR,Export,Export,,Company 1,,,2026-03-26T10:51:14+00:00,,,,,,,2025.09.24,4747.03,1.0,4747.03
10052,Sapphire Limited_CRE03; inaktiv,Inactive,No,,2023-01-01,-35.0,Budget,2025.09.24 Export Sales Budget 2026 vSU.xlsx,export_budget,2,EUR,Export,Export,,Company 1,,,2026-03-26T10:51:14+00:00,,,,,,,2025.09.24,-35.0,1.0,-35.0
10053,Eurasia Cosmetics Co. Ltd.; Bangkok; Thailand,Distributor - Thailand,No,,2023-01-01,0.0,Budget,2025.09.24 Export Sales Budget 2026 vSU.xlsx,export_budget,2,EUR,Export,Export,,Company 1,,,2026-03-26T10:51:14+00:00,,,,,,,2025.09.24,0.0,1.0,0.0
10054,QMS Distributor Slovakia+Czechia s.r.o.; Slowakai,Distributor - Slowakia,Yes,,2023-01-01,0.0,Budget,2025.09.24 Export Sales Budget 2026 vSU.xlsx,export_budget,2,EUR,Export,Export,,Company 1,,,2026-03-26T10:51:14+00:00,,,,,,,2025.09.24,0.0,1.0,0.0
10058,Mweya Luxury FZCO; Dubai,Distributor - Middle East,Yes,,2023-01-01,0.0,Budget,2025.09.24 Export Sales Budget 2026 vSU.xlsx,export_budget,2,EUR,Export,Export,,Company 1,,,2026-03-26T10:51:14+00:00,,,,,,,2025.09.24,0.0,1.0,0.0
10062,PE Yegunova Anzhela; Ukraine,Distributor - Ukraine,Yes,,2023-01-01,0.0,Budget,2025.09.24 Export Sales Budget 2026 vSU.xlsx,export_budget,2,EUR,Export,Export,,Company 1,,,2026-03-26T10:51:14+00:00,,,,,,,2025.09.24,0.0,1.0,0.0
28000,SISU; Orange Life; Mariele Leite; Portugal,Direct Customer,Yes,,2023-01-01,0.0,Budget,2025.09.24 Export Sales Budget 2026 vSU.xlsx,export_budget,2,EUR,Export,Export,,Company 1,,,2026-03-26T10:51:14+00:00,,,,,,,2025.09.24,0.0,1.0,0.0
35940,Thanos Hotels Ltd.-Almyra; Zypern,Direct Customer,Yes,,2023-01-01,6031.92,Budget,2025.09.24 Export Sales Budget 2026 vSU.xlsx,export_budget,2,EUR,Export,Export,,Company 1,,,2026-03-26T10:51:14+00:00,,,,,,,2025.09.24,6031.92,1.0,6031.92
35945,Thanos Hotels Ltd.-Annabelle; Zypern,Direct Customer,Yes,,2023-01-01,14106.02,Budget,2025.09.24 Export Sales Budget 2026 vSU.xlsx,export_budget,2,EUR,Export,Export,,Company 1,,,2026-03-26T10:51:14+00:00,,,,,,,2025.09.24,14106.02,1.0,14106.02
35952,Mandarin Oriental; Hong Kong,Direct Customer,Yes,,2023-01-01,29810.190000000002,Budget,2025.09.24 Export Sales Budget 2026 vSU.xlsx,export_budget,2,EUR,Export,Export,,Company 1,,,2026-03-26T10:51:14+00:00,,,,,,,2025.09.24,29810.190000000002,1.0,29810.190000000002
10042,Pure Glow Cosmetics Trading S.A.; Griechenland,Inactive,No,,2023-01-01,0.0,Budget,2025.09.24 Export Sales Budget 2026 vSU.xlsx,export_budget,2,EUR,Export,Export,,Company 1,,,2026-03-26T10:51:14+00:00,,,,,,,2025.09.24,0.0,1.0,0.0
10050,OG Brands;Israel;Dana Zilberstein; Interessent,Inactive,No,,2023-01-01,0.0,Budget,2025.09.24 Export Sales Budget 2026 vSU.xlsx,export_budget,2,EUR,Export,Export,,Company 1,,,2026-03-26T10:51:14+00:00,,,,,,,2025.09.24,0.0,1.0,0.0
10051,"Luxuria Group, Bechara Sleiman; Dubai; Interessent",Inactive,No,,2023-01-01,0.0,Budget,2025.09.24 Export Sales Budget 2026 vSU.xlsx,export_budget,2,EUR,Export,Export,,Company 1,,,2026-03-26T10:51:14+00:00,,,,,,,2025.09.24,0.0,1.0,0.0
10055,NAJAFI INTERNATIONAL GENERAL TRADING LLC.;Interessent,Inactive,No,,2023-01-01,0.0,Budget,2025.09.24 Export Sales Budget 2026 vSU.xlsx,export_budget,2,EUR,Export,Export,,Company 1,,,2026-03-26T10:51:14+00:00,,,,,,,2025.09.24,0.0,1.0,0.0
10056,PEARL TREE; Interessent,Inactive,No,,2023-01-01,0.0,Budget,2025.09.24 Export Sales Budget 2026 vSU.xlsx,export_budget,2,EUR,Export,Export,,Company 1,,,2026-03-26T10:51:14+00:00,,,,,,,2025.09.24,0.0,1.0,0.0
10060,FAME Dmytro Zolotukhin - Interessent,Inactive,No,,2023-01-01,0.0,Budget,2025.09.24 Export Sales Budget 2026 vSU.xlsx,export_budget,2,EUR,Export,Export,,Company 1,,,2026-03-26T10:51:14+00:00,,,,,,,2025.09.24,0.0,1.0,0.0
10061,LUXASIA PTE LTD.; Singapore; Interessent,Inactive,No,,2023-01-01,0.0,Budget,2025.09.24 Export Sales Budget 2026 vSU.xlsx,export_budget,2,EUR,Export,Export,,Company 1,,,2026-03-26T10:51:14+00:00,,,,,,,2025.09.24,0.0,1.0,0.0
35942,Hotel Puente Romano; Spanien,Inactive,No,,2023-01-01,0.0,Budget,2025.09.24 Export Sales Budget 2026 vSU.xlsx,export_budget,2,EUR,Export,Export,,Company 1,,,2026-03-26T10:51:14+00:00,,,,,,,2025.09.24,0.0,1.0,0.0
35944,Mandarin Oriental; Italy,Inactive,No,,2023-01-01,0.0,Budget,2025.09.24 Export Sales Budget 2026 vSU.xlsx,export_budget,2,EUR,Export,Export,,Company 1,,,2026-03-26T10:51:14+00:00,,,,,,,2025.09.24,0.0,1.0,0.0
35947,Semeli Hotel; Mykonos,Inactive,No,,2023-01-01,0.0,Budget,2025.09.24 Export Sales Budget 2026 vSU.xlsx,export_budget,2,EUR,Export,Export,,Company 1,,,2026-03-26T10:51:14+00:00,,,,,,,2025.09.24,0.0,1.0,0.0
35948,Mme Aurelly D; Frankreich,Inactive,No,,2023-01-01,0.0,Budget,2025.09.24 Export Sales Budget 2026 vSU.xlsx,export_budget,2,EUR,Export,Export,,Company 1,,,2026-03-26T10:51:14+00:00,,,,,,,2025.09.24,0.0,1.0,0.0
35950,Amilla Hotel; Maldives,Inactive,No,,2023-01-01,0.0,Budget,2025.09.24 Export Sales Budget 2026 vSU.xlsx,export_budget,2,EUR,Export,Export,,Company 1,,,2026-03-26T10:51:14+00:00,,,,,,,2025.09.24,0.0,1.0,0.0
35953,Park Hyatt Hotel; Canada,Inactive,No,,2023-01-01,0.0,Budget,2025.09.24 Export Sales Budget 2026 vSU.xlsx,export_budget,2,EUR,Export,Export,,Company 1,,,2026-03-26T10:51:14+00:00,,,,,,,2025.09.24,0.0,1.0,0.0
35954,Galeries Lafayette Management,Inactive,No,,2023-01-01,0.0,Budget,2025.09.24 Export Sales Budget 2026 vSU.xlsx,export_budget,2,EUR,Export,Export,,Company 1,,,2026-03-26T10:51:14+00:00,,,,,,,2025.09.24,0.0,1.0,0.0
35956,Munique; Thailand,Inactive,No,,2023-01-01,3843.62,Budget,2025.09.24 Export Sales Budget 2026 vSU.xlsx,export_budget,2,EUR,Export,Export,,Company 1,,,2026-03-26T10:51:14+00:00,,,,,,,2025.09.24,3843.62,1.0,3843.62
35957,Water Oasis Group Ltd.; Judy Kan; Interessent,Inactive,No,,2023-01-01,0.0,Budget,2025.09.24 Export Sales Budget 2026 vSU.xlsx,export_budget,2,EUR,Export,Export,,Company 1,,,2026-03-26T10:51:14+00:00,,,,,,,2025.09.24,0.0,1.0,0.0
10057,Olympia Industries Ltd; Indien,Distributor - India,Yes,,2023-01-01,0.0,Budget,2025.09.24 Export Sales Budget 2026 vSU.xlsx,export_budget,2,EUR,Export,Export,,Company 1,,,2026-03-26T10:51:14+00:00,,,,,,,2025.09.24,0.0,1.0,0.0
10016,FUTURETHIS CONSULTANCY (PTY) LTD.,Distributor - South Africa,Yes,,2024-01-01,487425.33999999997,Budget,2025.09.24 Export Sales Budget 2026 vSU.xlsx,export_budget,2,EUR,Export,Export,,Company 1,,,2026-03-26T10:51:14+00:00,,,,,,,2025.09.24,487425.33999999997,1.0,487425.33999999997
10018,qbeauty GmbH,Distributor - Austria,Yes,,2024-01-01,399149.93,Budget,2025.09.24 Export Sales Budget 2026 vSU.xlsx,export_budget,2,EUR,Export,Export,,Company 1,,,2026-03-26T10:51:14+00:00,,,,,,,2025.09.24,399149.93,1.0,399149.93
10022,"Medicosmetic Group, LLC; Moskau",Distributor - Russia,Yes,,2024-01-01,297350.18,Budget,2025.09.24 Export Sales Budget 2026 vSU.xlsx,export_budget,2,EUR,Export,Export,,Company 1,,,2026-03-26T10:51:14+00:00,,,,,,,2025.09.24,297350.18,1.0,297350.18
10024,Arek Dawidowski; Polen,Distributor - Poland,Yes,,2024-01-01,52701.05,Budget,2025.09.24 Export Sales Budget 2026 vSU.xlsx,export_budget,2,EUR,Export,Export,,Company 1,,,2026-03-26T10:51:14+00:00,,,,,,,2025.09.24,52701.05,1.0,52701.05
10031,SpaTrend Wellness Kft; Hungary,Distributor - Hungary,Yes,,2024-01-01,53736.54000000001,Budget,2025.09.24 Export Sales Budget 2026 vSU.xlsx,export_budget,2,EUR,Export,Export,,Company 1,,,2026-03-26T10:51:14+00:00,,,,,,,2025.09.24,53736.54000000001,1.0,53736.54000000001
10034,Ben´s Daughters LTD; Albanien,Distributor - Albania,Yes,,2024-01-01,8004.3,Budget,2025.09.24 Export Sales Budget 2026 vSU.xlsx,export_budget,2,EUR,Export,Export,,Company 1,,,2026-03-26T10:51:14+00:00,,,,,,,2025.09.24,8004.3,1.0,8004.3
10039,Spalanga; Litauen,Distributor - Lithuania,Yes,,2024-01-01,43715.04,Budget,2025.09.24 Export Sales Budget 2026 vSU.xlsx,export_budget,2,EUR,Export,Export,,Company 1,,,2026-03-26T10:51:14+00:00,,,,,,,2025.09.24,43715.04,1.0,43715.04
10040,All time beauty; Estland,Distributor - Estonia,Yes,,2024-01-01,41624.85999999999,Budget,2025.09.24 Export Sales Budget 2026 vSU.xlsx,export_budget,2,EUR,Export,Export,,Company 1,,,2026-03-26T10:51:14+00:00,,,,,,,2025.09.24,41624.85999999999,1.0,41624.85999999999
10043,ETERNAL REVIVE (Jiessie); China;,Distributor - China,Yes,,2024-01-01,182411.02,Budget,2025.09.24 Export Sales Budget 2026 vSU.xlsx,export_budget,2,EUR,Export,Export,,Company 1,,,2026-03-26T10:51:14+00:00,,,,,,,2025.09.24,182411.02,1.0,182411.02
10044,"PRIVÉ AESTHETICS, Qatar",Inactive,No,,2024-01-01,21059.46,Budget,2025.09.24 Export Sales Budget 2026 vSU.xlsx,export_budget,2,EUR,Export,Export,,Company 1,,,2026-03-26T10:51:14+00:00,,,,,,,2025.09.24,21059.46,1.0,21059.46
10046,"Wellness Pot, Malaysia",Distributor - Malaysia,No,,2024-01-01,15133.95,Budget,2025.09.24 Export Sales Budget 2026 vSU.xlsx,export_budget,2,EUR,Export,Export,,Company 1,,,2026-03-26T10:51:14+00:00,,,,,,,2025.09.24,15133.95,1.0,15133.95
10047,Thanassis Zachariadis; Greece,Distributor - Greece,Yes,,2024-01-01,12326.689999999999,Budget,2025.09.24 Export Sales Budget 2026 vSU.xlsx,export_budget,2,EUR,Export,Export,,Company 1,,,2026-03-26T10:51:14+00:00,,,,,,,2025.09.24,12326.689999999999,1.0,12326.689999999999
10049,Biokozmetika D.O.O.; Kroatien,Distributor - Croatia,Yes,,2024-01-01,21198.660000000003,Budget,2025.09.24 Export Sales Budget 2026 vSU.xlsx,export_budget,2,EUR,Export,Export,,Company 1,,,2026-03-26T10:51:14+00:00,,,,,,,2025.09.24,21198.660000000003,1.0,21198.660000000003
10052,Sapphire Limited_CRE03; inaktiv,Inactive,No,,2024-01-01,32007.78,Budget,2025.09.24 Export Sales Budget 2026 vSU.xlsx,export_budget,2,EUR,Export,Export,,Company 1,,,2026-03-26T10:51:14+00:00,,,,,,,2025.09.24,32007.78,1.0,32007.78
10053,Eurasia Cosmetics Co. Ltd.; Bangkok; Thailand,Distributor - Thailand,No,,2024-01-01,3369.85,Budget,2025.09.24 Export Sales Budget 2026 vSU.xlsx,export_budget,2,EUR,Export,Export,,Company 1,,,2026-03-26T10:51:14+00:00,,,,,,,2025.09.24,3369.85,1.0,3369.85
10054,QMS Distributor Slovakia+Czechia s.r.o.; Slowakai,Distributor - Slowakia,Yes,,2024-01-01,6904.88,Budget,2025.09.24 Export Sales Budget 2026 vSU.xlsx,export_budget,2,EUR,Export,Export,,Company 1,,,2026-03-26T10:51:14+00:00,,,,,,,2025.09.24,6904.88,1.0,6904.88
10058,Mweya Luxury FZCO; Dubai,Distributor - Middle East,Yes,,2024-01-01,0.0,Budget,2025.09.24 Export Sales Budget 2026 vSU.xlsx,export_budget,2,EUR,Export,Export,,Company 1,,,2026-03-26T10:51:14+00:00,,,,,,,2025.09.24,0.0,1.0,0.0
10062,PE Yegunova Anzhela; Ukraine,Distributor - Ukraine,Yes,,2024-01-01,0.0,Budget,2025.09.24 Export Sales Budget 2026 vSU.xlsx,export_budget,2,EUR,Export,Export,,Company 1,,,2026-03-26T10:51:14+00:00,,,,,,,2025.09.24,0.0,1.0,0.0
28000,SISU; Orange Life; Mariele Leite; Portugal,Direct Customer,Yes,,2024-01-01,0.0,Budget,2025.09.24 Export Sales Budget 2026 vSU.xlsx,export_budget,2,EUR,Export,Export,,Company 1,,,2026-03-26T10:51:14+00:00,,,,,,,2025.09.24,0.0,1.0,0.0
35940,Thanos Hotels Ltd.-Almyra; Zypern,Direct Customer,Yes,,2024-01-01,5136.469999999999,Budget,2025.09.24 Export Sales Budget 2026 vSU.xlsx,export_budget,2,EUR,Export,Export,,Company 1,,,2026-03-26T10:51:14+00:00,,,,,,,2025.09.24,5136.469999999999,1.0,5136.469999999999
35945,Thanos Hotels Ltd.-Annabelle; Zypern,Direct Customer,Yes,,2024-01-01,5137.59,Budget,2025.09.24 Export Sales Budget 2026 vSU.xlsx,export_budget,2,EUR,Export,Export,,Company 1,,,2026-03-26T10:51:14+00:00,,,,,,,2025.09.24,5137.59,1.0,5137.59
35952,Mandarin Oriental; Hong Kong,Direct Customer,Yes,,2024-01-01,16158.900000000001,Budget,2025.09.24 Export Sales Budget 2026 vSU.xlsx,export_budget,2,EUR,Export,Export,,Company 1,,,2026-03-26T10:51:14+00:00,,,,,,,2025.09.24,16158.900000000001,1.0,16158.900000000001
10042,Pure Glow Cosmetics Trading S.A.; Griechenland,Inactive,No,,2024-01-01,0.0,Budget,2025.09.24 Export Sales Budget 2026 vSU.xlsx,export_budget,2,EUR,Export,Export,,Company 1,,,2026-03-26T10:51:14+00:00,,,,,,,2025.09.24,0.0,1.0,0.0
10050,OG Brands;Israel;Dana Zilberstein; Interessent,Inactive,No,,2024-01-01,0.0,Budget,2025.09.24 Export Sales Budget 2026 vSU.xlsx,export_budget,2,EUR,Export,Export,,Company 1,,,2026-03-26T10:51:14+00:00,,,,,,,2025.09.24,0.0,1.0,0.0
10051,"Luxuria Group, Bechara Sleiman; Dubai; Interessent",Inactive,No,,2024-01-01,0.0,Budget,2025.09.24 Export Sales Budget 2026 vSU.xlsx,export_budget,2,EUR,Export,Export,,Company 1,,,2026-03-26T10:51:14+00:00,,,,,,,2025.09.24,0.0,1.0,0.0
10055,NAJAFI INTERNATIONAL GENERAL TRADING LLC.;Interessent,Inactive,No,,2024-01-01,0.0,Budget,2025.09.24 Export Sales Budget 2026 vSU.xlsx,export_budget,2,EUR,Export,Export,,Company 1,,,2026-03-26T10:51:14+00:00,,,,,,,2025.09.24,0.0,1.0,0.0
10056,PEARL TREE; Interessent,Inactive,No,,2024-01-01,0.0,Budget,2025.09.24 Export Sales Budget 2026 vSU.xlsx,export_budget,2,EUR,Export,Export,,Company 1,,,2026-03-26T10:51:14+00:00,,,,,,,2025.09.24,0.0,1.0,0.0
10060,FAME Dmytro Zolotukhin - Interessent,Inactive,No,,2024-01-01,0.0,Budget,2025.09.24 Export Sales Budget 2026 vSU.xlsx,export_budget,2,EUR,Export,Export,,Company 1,,,2026-03-26T10:51:14+00:00,,,,,,,2025.09.24,0.0,1.0,0.0
10061,LUXASIA PTE LTD.; Singapore; Interessent,Inactive,No,,2024-01-01,0.0,Budget,2025.09.24 Export Sales Budget 2026 vSU.xlsx,export_budget,2,EUR,Export,Export,,Company 1,,,2026-03-26T10:51:14+00:00,,,,,,,2025.09.24,0.0,1.0,0.0
35942,Hotel Puente Romano; Spanien,Inactive,No,,2024-01-01,0.0,Budget,2025.09.24 Export Sales Budget 2026 vSU.xlsx,export_budget,2,EUR,Export,Export,,Company 1,,,2026-03-26T10:51:14+00:00,,,,,,,2025.09.24,0.0,1.0,0.0
35944,Mandarin Oriental; Italy,Inactive,No,,2024-01-01,0.0,Budget,2025.09.24 Export Sales Budget 2026 vSU.xlsx,export_budget,2,EUR,Export,Export,,Company 1,,,2026-03-26T10:51:14+00:00,,,,,,,2025.09.24,0.0,1.0,0.0
35947,Semeli Hotel; Mykonos,Inactive,No,,2024-01-01,0.0,Budget,2025.09.24 Export Sales Budget 2026 vSU.xlsx,export_budget,2,EUR,Export,Export,,Company 1,,,2026-03-26T10:51:14+00:00,,,,,,,2025.09.24,0.0,1.0,0.0
35948,Mme Aurelly D; Frankreich,Inactive,No,,2024-01-01,0.0,Budget,2025.09.24 Export Sales Budget 2026 vSU.xlsx,export_budget,2,EUR,Export,Export,,Company 1,,,2026-03-26T10:51:14+00:00,,,,,,,2025.09.24,0.0,1.0,0.0
35950,Amilla Hotel; Maldives,Inactive,No,,2024-01-01,0.0,Budget,2025.09.24 Export Sales Budget 2026 vSU.xlsx,export_budget,2,EUR,Export,Export,,Company 1,,,2026-03-26T10:51:14+00:00,,,,,,,2025.09.24,0.0,1.0,0.0
35953,Park Hyatt Hotel; Canada,Inactive,No,,2024-01-01,0.0,Budget,2025.09.24 Export Sales Budget 2026 vSU.xlsx,export_budget,2,EUR,Export,Export,,Company 1,,,2026-03-26T10:51:14+00:00,,,,,,,2025.09.24,0.0,1.0,0.0
35954,Galeries Lafayette Management,Inactive,No,,2024-01-01,0.0,Budget,2025.09.24 Export Sales Budget 2026 vSU.xlsx,export_budget,2,EUR,Export,Export,,Company 1,,,2026-03-26T10:51:14+00:00,,,,,,,2025.09.24,0.0,1.0,0.0
35956,Munique; Thailand,Inactive,No,,2024-01-01,1650.43,Budget,2025.09.24 Export Sales Budget 2026 vSU.xlsx,export_budget,2,EUR,Export,Export,,Company 1,,,2026-03-26T10:51:14+00:00,,,,,,,2025.09.24,1650.43,1.0,1650.43
35957,Water Oasis Group Ltd.; Judy Kan; Interessent,Inactive,No,,2024-01-01,0.0,Budget,2025.09.24 Export Sales Budget 2026 vSU.xlsx,export_budget,2,EUR,Export,Export,,Company 1,,,2026-03-26T10:51:14+00:00,,,,,,,2025.09.24,0.0,1.0,0.0
10057,Olympia Industries Ltd; Indien,Distributor - India,Yes,,2024-01-01,0.0,Budget,2025.09.24 Export Sales Budget 2026 vSU.xlsx,export_budget,2,EUR,Export,Export,,Company 1,,,2026-03-26T10:51:14+00:00,,,,,,,2025.09.24,0.0,1.0,0.0
-200002,Distributor - South Africa,,,,2026-02-01,100000.0,Co. 1_2 Export Sales,22025.11.06 QMS Detailed Budget v1.xlsx,export_budget,2,EUR,Export,Distributor - South Africa,Distributor - South Africa,Company 1,,,2026-03-26T10:51:30+00:00,,,,,,group_export_phasing,2025.11.06,100000.0,1.0,100000.0
-200002,Distributor - South Africa,,,,2026-03-01,75000.0,Co. 1_2 Export Sales,22025.11.06 QMS Detailed Budget v1.xlsx,export_budget,2,EUR,Export,Distributor - South Africa,Distributor - South Africa,Company 1,,,2026-03-26T10:51:30+00:00,,,,,,group_export_phasing,2025.11.06,75000.0,1.0,75000.0
-200002,Distributor - South Africa,,,,2026-05-01,75000.0,Co. 1_2 Export Sales,22025.11.06 QMS Detailed Budget v1.xlsx,export_budget,2,EUR,Export,Distributor - South Africa,Distributor - South Africa,Company 1,,,2026-03-26T10:51:30+00:00,,,,,,group_export_phasing,2025.11.06,75000.0,1.0,75000.0
-200002,Distributor - South Africa,,,,2026-06-01,75000.0,Co. 1_2 Export Sales,22025.11.06 QMS Detailed Budget v1.xlsx,export_budget,2,EUR,Export,Distributor - South Africa,Distributor - South Africa,Company 1,,,2026-03-26T10:51:30+00:00,,,,,,group_export_phasing,2025.11.06,75000.0,1.0,75000.0
-200002,Distributor - South Africa,,,,2026-08-01,62500.0,Co. 1_2 Export Sales,22025.11.06 QMS Detailed Budget v1.xlsx,export_budget,2,EUR,Export,Distributor - South Africa,Distributor - South Africa,Company 1,,,2026-03-26T10:51:30+00:00,,,,,,group_export_phasing,2025.11.06,62500.0,1.0,62500.0
-200002,Distributor - South Africa,,,,2026-10-01,87500.00000000001,Co. 1_2 Export Sales,22025.11.06 QMS Detailed Budget v1.xlsx,export_budget,2,EUR,Export,Distributor - South Africa,Distributor - South Africa,Company 1,,,2026-03-26T10:51:30+00:00,,,,,,group_export_phasing,2025.11.06,87500.00000000001,1.0,87500.00000000001
-200002,Distributor - South Africa,,,,2026-11-01,75000.0,Co. 1_2 Export Sales,22025.11.06 QMS Detailed Budget v1.xlsx,export_budget,2,EUR,Export,Distributor - South Africa,Distributor - South Africa,Company 1,,,2026-03-26T10:51:30+00:00,,,,,,group_export_phasing,2025.11.06,75000.0,1.0,75000.0
-200002,Distributor - South Africa,,,,2026-12-01,75000.0,Co. 1_2 Export Sales,22025.11.06 QMS Detailed Budget v1.xlsx,export_budget,2,EUR,Export,Distributor - South Africa,Distributor - South Africa,Company 1,,,2026-03-26T10:51:30+00:00,,,,,,group_export_phasing,2025.11.06,75000.0,1.0,75000.0
-200003,Distributor - Austria,,,,2026-01-01,38700.0,Co. 1_2 Export Sales,22025.11.06 QMS Detailed Budget v1.xlsx,export_budget,2,EUR,Export,Distributor - Austria,Distributor - Austria,Company 1,,,2026-03-26T10:51:30+00:00,,,,,,group_export_phasing,2025.11.06,38700.0,1.0,38700.0
-200003,Distributor - Austria,,,,2026-02-01,38700.0,Co. 1_2 Export Sales,22025.11.06 QMS Detailed Budget v1.xlsx,export_budget,2,EUR,Export,Distributor - Austria,Distributor - Austria,Company 1,,,2026-03-26T10:51:30+00:00,,,,,,group_export_phasing,2025.11.06,38700.0,1.0,38700.0
-200003,Distributor - Austria,,,,2026-03-01,38700.0,Co. 1_2 Export Sales,22025.11.06 QMS Detailed Budget v1.xlsx,export_budget,2,EUR,Export,Distributor - Austria,Distributor - Austria,Company 1,,,2026-03-26T10:51:30+00:00,,,,,,group_export_phasing,2025.11.06,38700.0,1.0,38700.0
-200003,Distributor - Austria,,,,2026-04-01,38700.0,Co. 1_2 Export Sales,22025.11.06 QMS Detailed Budget v1.xlsx,export_budget,2,EUR,Export,Distributor - Austria,Distributor - Austria,Company 1,,,2026-03-26T10:51:30+00:00,,,,,,group_export_phasing,2025.11.06,38700.0,1.0,38700.0
-200003,Distributor - Austria,,,,2026-05-01,25800.0,Co. 1_2 Export Sales,22025.11.06 QMS Detailed Budget v1.xlsx,export_budget,2,EUR,Export,Distributor - Austria,Distributor - Austria,Company 1,,,2026-03-26T10:51:30+00:00,,,,,,group_export_phasing,2025.11.06,25800.0,1.0,25800.0
-200003,Distributor - Austria,,,,2026-06-01,43000.0,Co. 1_2 Export Sales,22025.11.06 QMS Detailed Budget v1.xlsx,export_budget,2,EUR,Export,Distributor - Austria,Distributor - Austria,Company 1,,,2026-03-26T10:51:30+00:00,,,,,,group_export_phasing,2025.11.06,43000.0,1.0,43000.0
-200003,Distributor - Austria,,,,2026-07-01,17200.0,Co. 1_2 Export Sales,22025.11.06 QMS Detailed Budget v1.xlsx,export_budget,2,EUR,Export,Distributor - Austria,Distributor - Austria,Company 1,,,2026-03-26T10:51:30+00:00,,,,,,group_export_phasing,2025.11.06,17200.0,1.0,17200.0
-200003,Distributor - Austria,,,,2026-08-01,17200.0,Co. 1_2 Export Sales,22025.11.06 QMS Detailed Budget v1.xlsx,export_budget,2,EUR,Export,Distributor - Austria,Distributor - Austria,Company 1,,,2026-03-26T10:51:30+00:00,,,,,,group_export_phasing,2025.11.06,17200.0,1.0,17200.0
-200003,Distributor - Austria,,,,2026-09-01,34400.0,Co. 1_2 Export Sales,22025.11.06 QMS Detailed Budget v1.xlsx,export_budget,2,EUR,Export,Distributor - Austria,Distributor - Austria,Company 1,,,2026-03-26T10:51:30+00:00,,,,,,group_export_phasing,2025.11.06,34400.0,1.0,34400.0
-200003,Distributor - Austria,,,,2026-10-01,51600.0,Co. 1_2 Export Sales,22025.11.06 QMS Detailed Budget v1.xlsx,export_budget,2,EUR,Export,Distributor - Austria,Distributor - Austria,Company 1,,,2026-03-26T10:51:30+00:00,,,,,,group_export_phasing,2025.11.06,51600.0,1.0,51600.0
-200003,Distributor - Austria,,,,2026-11-01,43000.0,Co. 1_2 Export Sales,22025.11.06 QMS Detailed Budget v1.xlsx,export_budget,2,EUR,Export,Distributor - Austria,Distributor - Austria,Company 1,,,2026-03-26T10:51:30+00:00,,,,,,group_export_phasing,2025.11.06,43000.0,1.0,43000.0
-200003,Distributor - Austria,,,,2026-12-01,43000.0,Co. 1_2 Export Sales,22025.11.06 QMS Detailed Budget v1.xlsx,export_budget,2,EUR,Export,Distributor - Austria,Distributor - Austria,Company 1,,,2026-03-26T10:51:30+00:00,,,,,,group_export_phasing,2025.11.06,43000.0,1.0,43000.0
-200004,Distributor - Russia,,,,2026-02-01,70000.0,Co. 1_2 Export Sales,22025.11.06 QMS Detailed Budget v1.xlsx,export_budget,2,EUR,Export,Distributor - Russia,Distributor - Russia,Company 1,,,2026-03-26T10:51:30+00:00,,,,,,group_export_phasing,2025.11.06,70000.0,1.0,70000.0
-200004,Distributor - Russia,,,,2026-05-01,87500.0,Co. 1_2 Export Sales,22025.11.06 QMS Detailed Budget v1.xlsx,export_budget,2,EUR,Export,Distributor - Russia,Distributor - Russia,Company 1,,,2026-03-26T10:51:30+00:00,,,,,,group_export_phasing,2025.11.06,87500.0,1.0,87500.0
-200004,Distributor - Russia,,,,2026-08-01,105000.0,Co. 1_2 Export Sales,22025.11.06 QMS Detailed Budget v1.xlsx,export_budget,2,EUR,Export,Distributor - Russia,Distributor - Russia,Company 1,,,2026-03-26T10:51:30+00:00,,,,,,group_export_phasing,2025.11.06,105000.0,1.0,105000.0
-200004,Distributor - Russia,,,,2026-11-01,87500.0,Co. 1_2 Export Sales,22025.11.06 QMS Detailed Budget v1.xlsx,export_budget,2,EUR,Export,Distributor - Russia,Distributor - Russia,Company 1,,,2026-03-26T10:51:30+00:00,,,,,,group_export_phasing,2025.11.06,87500.0,1.0,87500.0
-200005,Distributor - Other EU,,,,2026-01-01,36600.0,Co. 1_2 Export Sales,22025.11.06 QMS Detailed Budget v1.xlsx,export_budget,2,EUR,Export,Distributor - Other EU,Distributor - Other EU,Company 1,,,2026-03-26T10:51:30+00:00,,,,,,group_export_phasing,2025.11.06,36600.0,1.0,36600.0
-200005,Distributor - Other EU,,,,2026-02-01,32025.000000000004,Co. 1_2 Export Sales,22025.11.06 QMS Detailed Budget v1.xlsx,export_budget,2,EUR,Export,Distributor - Other EU,Distributor - Other EU,Company 1,,,2026-03-26T10:51:30+00:00,,,,,,group_export_phasing,2025.11.06,32025.000000000004,1.0,32025.000000000004
-200005,Distributor - Other EU,,,,2026-03-01,45750.0,Co. 1_2 Export Sales,22025.11.06 QMS Detailed Budget v1.xlsx,export_budget,2,EUR,Export,Distributor - Other EU,Distributor - Other EU,Company 1,,,2026-03-26T10:51:30+00:00,,,,,,group_export_phasing,2025.11.06,45750.0,1.0,45750.0
-200005,Distributor - Other EU,,,,2026-04-01,41175.0,Co. 1_2 Export Sales,22025.11.06 QMS Detailed Budget v1.xlsx,export_budget,2,EUR,Export,Distributor - Other EU,Distributor - Other EU,Company 1,,,2026-03-26T10:51:30+00:00,,,,,,group_export_phasing,2025.11.06,41175.0,1.0,41175.0
-200005,Distributor - Other EU,,,,2026-05-01,41175.0,Co. 1_2 Export Sales,22025.11.06 QMS Detailed Budget v1.xlsx,export_budget,2,EUR,Export,Distributor - Other EU,Distributor - Other EU,Company 1,,,2026-03-26T10:51:30+00:00,,,,,,group_export_phasing,2025.11.06,41175.0,1.0,41175.0
-200005,Distributor - Other EU,,,,2026-06-01,36600.0,Co. 1_2 Export Sales,22025.11.06 QMS Detailed Budget v1.xlsx,export_budget,2,EUR,Export,Distributor - Other EU,Distributor - Other EU,Company 1,,,2026-03-26T10:51:30+00:00,,,,,,group_export_phasing,2025.11.06,36600.0,1.0,36600.0
-200005,Distributor - Other EU,,,,2026-07-01,36600.0,Co. 1_2 Export Sales,22025.11.06 QMS Detailed Budget v1.xlsx,export_budget,2,EUR,Export,Distributor - Other EU,Distributor - Other EU,Company 1,,,2026-03-26T10:51:30+00:00,,,,,,group_export_phasing,2025.11.06,36600.0,1.0,36600.0
-200005,Distributor - Other EU,,,,2026-08-01,27450.0,Co. 1_2 Export Sales,22025.11.06 QMS Detailed Budget v1.xlsx,export_budget,2,EUR,Export,Distributor - Other EU,Distributor - Other EU,Company 1,,,2026-03-26T10:51:30+00:00,,,,,,group_export_phasing,2025.11.06,27450.0,1.0,27450.0
-200005,Distributor - Other EU,,,,2026-09-01,41175.0,Co. 1_2 Export Sales,22025.11.06 QMS Detailed Budget v1.xlsx,export_budget,2,EUR,Export,Distributor - Other EU,Distributor - Other EU,Company 1,,,2026-03-26T10:51:30+00:00,,,,,,group_export_phasing,2025.11.06,41175.0,1.0,41175.0
-200005,Distributor - Other EU,,,,2026-10-01,45750.0,Co. 1_2 Export Sales,22025.11.06 QMS Detailed Budget v1.xlsx,export_budget,2,EUR,Export,Distributor - Other EU,Distributor - Other EU,Company 1,,,2026-03-26T10:51:30+00:00,,,,,,group_export_phasing,2025.11.06,45750.0,1.0,45750.0
-200005,Distributor - Other EU,,,,2026-11-01,41175.0,Co. 1_2 Export Sales,22025.11.06 QMS Detailed Budget v1.xlsx,export_budget,2,EUR,Export,Distributor - Other EU,Distributor - Other EU,Company 1,,,2026-03-26T10:51:30+00:00,,,,,,group_export_phasing,2025.11.06,41175.0,1.0,41175.0
-200005,Distributor - Other EU,,,,2026-12-01,32025.000000000004,Co. 1_2 Export Sales,22025.11.06 QMS Detailed Budget v1.xlsx,export_budget,2,EUR,Export,Distributor - Other EU,Distributor - Other EU,Company 1,,,2026-03-26T10:51:30+00:00,,,,,,group_export_phasing,2025.11.06,32025.000000000004,1.0,32025.000000000004
-200006,Distributor - Other ROW,,,,2026-01-01,2400.0,Co. 1_2 Export Sales,22025.11.06 QMS Detailed Budget v1.xlsx,export_budget,2,EUR,Export,Distributor - Other ROW,Distributor - Other ROW,Company 1,,,2026-03-26T10:51:30+00:00,,,,,,group_export_phasing,2025.11.06,2400.0,1.0,2400.0
-200006,Distributor - Other ROW,,,,2026-02-01,2100.0,Co. 1_2 Export Sales,22025.11.06 QMS Detailed Budget v1.xlsx,export_budget,2,EUR,Export,Distributor - Other ROW,Distributor - Other ROW,Company 1,,,2026-03-26T10:51:30+00:00,,,,,,group_export_phasing,2025.11.06,2100.0,1.0,2100.0
-200006,Distributor - Other ROW,,,,2026-03-01,3000.0,Co. 1_2 Export Sales,22025.11.06 QMS Detailed Budget v1.xlsx,export_budget,2,EUR,Export,Distributor - Other ROW,Distributor - Other ROW,Company 1,,,2026-03-26T10:51:30+00:00,,,,,,group_export_phasing,2025.11.06,3000.0,1.0,3000.0
-200006,Distributor - Other ROW,,,,2026-04-01,2700.0,Co. 1_2 Export Sales,22025.11.06 QMS Detailed Budget v1.xlsx,export_budget,2,EUR,Export,Distributor - Other ROW,Distributor - Other ROW,Company 1,,,2026-03-26T10:51:30+00:00,,,,,,group_export_phasing,2025.11.06,2700.0,1.0,2700.0
-200006,Distributor - Other ROW,,,,2026-05-01,2700.0,Co. 1_2 Export Sales,22025.11.06 QMS Detailed Budget v1.xlsx,export_budget,2,EUR,Export,Distributor - Other ROW,Distributor - Other ROW,Company 1,,,2026-03-26T10:51:30+00:00,,,,,,group_export_phasing,2025.11.06,2700.0,1.0,2700.0
-200006,Distributor - Other ROW,,,,2026-06-01,2400.0,Co. 1_2 Export Sales,22025.11.06 QMS Detailed Budget v1.xlsx,export_budget,2,EUR,Export,Distributor - Other ROW,Distributor - Other ROW,Company 1,,,2026-03-26T10:51:30+00:00,,,,,,group_export_phasing,2025.11.06,2400.0,1.0,2400.0
-200006,Distributor - Other ROW,,,,2026-07-01,2400.0,Co. 1_2 Export Sales,22025.11.06 QMS Detailed Budget v1.xlsx,export_budget,2,EUR,Export,Distributor - Other ROW,Distributor - Other ROW,Company 1,,,2026-03-26T10:51:30+00:00,,,,,,group_export_phasing,2025.11.06,2400.0,1.0,2400.0
-200006,Distributor - Other ROW,,,,2026-08-01,1800.0,Co. 1_2 Export Sales,22025.11.06 QMS Detailed Budget v1.xlsx,export_budget,2,EUR,Export,Distributor - Other ROW,Distributor - Other ROW,Company 1,,,2026-03-26T10:51:30+00:00,,,,,,group_export_phasing,2025.11.06,1800.0,1.0,1800.0
-200006,Distributor - Other ROW,,,,2026-09-01,2700.0,Co. 1_2 Export Sales,22025.11.06 QMS Detailed Budget v1.xlsx,export_budget,2,EUR,Export,Distributor - Other ROW,Distributor - Other ROW,Company 1,,,2026-03-26T10:51:30+00:00,,,,,,group_export_phasing,2025.11.06,2700.0,1.0,2700.0
-200006,Distributor - Other ROW,,,,2026-10-01,3000.0,Co. 1_2 Export Sales,22025.11.06 QMS Detailed Budget v1.xlsx,export_budget,2,EUR,Export,Distributor - Other ROW,Distributor - Other ROW,Company 1,,,2026-03-26T10:51:30+00:00,,,,,,group_export_phasing,2025.11.06,3000.0,1.0,3000.0
-200006,Distributor - Other ROW,,,,2026-11-01,2700.0,Co. 1_2 Export Sales,22025.11.06 QMS Detailed Budget v1.xlsx,export_budget,2,EUR,Export,Distributor - Other ROW,Distributor - Other ROW,Company 1,,,2026-03-26T10:51:30+00:00,,,,,,group_export_phasing,2025.11.06,2700.0,1.0,2700.0
-200006,Distributor - Other ROW,,,,2026-12-01,2100.0,Co. 1_2 Export Sales,22025.11.06 QMS Detailed Budget v1.xlsx,export_budget,2,EUR,Export,Distributor - Other ROW,Distributor - Other ROW,Company 1,,,2026-03-26T10:51:30+00:00,,,,,,group_export_phasing,2025.11.06,2100.0,1.0,2100.0
-200007,Distributor - New,,,,2026-06-01,2000.0,Co. 1_2 Export Sales,22025.11.06 QMS Detailed Budget v1.xlsx,export_budget,2,EUR,Export,Distributor - New,Distributor - New,Company 1,,,2026-03-26T10:51:30+00:00,,,,,,group_export_phasing,2025.11.06,2000.0,1.0,2000.0
-200007,Distributor - New,,,,2026-07-01,2000.0,Co. 1_2 Export Sales,22025.11.06 QMS Detailed Budget v1.xlsx,export_budget,2,EUR,Export,Distributor - New,Distributor - New,Company 1,,,2026-03-26T10:51:30+00:00,,,,,,group_export_phasing,2025.11.06,2000.0,1.0,2000.0
-200007,Distributor - New,,,,2026-08-01,2000.0,Co. 1_2 Export Sales,22025.11.06 QMS Detailed Budget v1.xlsx,export_budget,2,EUR,Export,Distributor - New,Distributor - New,Company 1,,,2026-03-26T10:51:30+00:00,,,,,,group_export_phasing,2025.11.06,2000.0,1.0,2000.0
-200007,Distributor - New,,,,2026-09-01,3000.0,Co. 1_2 Export Sales,22025.11.06 QMS Detailed Budget v1.xlsx,export_budget,2,EUR,Export,Distributor - New,Distributor - New,Company 1,,,2026-03-26T10:51:30+00:00,,,,,,group_export_phasing,2025.11.06,3000.0,1.0,3000.0
-200007,Distributor - New,,,,2026-10-01,3000.0,Co. 1_2 Export Sales,22025.11.06 QMS Detailed Budget v1.xlsx,export_budget,2,EUR,Export,Distributor - New,Distributor - New,Company 1,,,2026-03-26T10:51:30+00:00,,,,,,group_export_phasing,2025.11.06,3000.0,1.0,3000.0
-200007,Distributor - New,,,,2026-11-01,4000.0,Co. 1_2 Export Sales,22025.11.06 QMS Detailed Budget v1.xlsx,export_budget,2,EUR,Export,Distributor - New,Distributor - New,Company 1,,,2026-03-26T10:51:30+00:00,,,,,,group_export_phasing,2025.11.06,4000.0,1.0,4000.0
-200007,Distributor - New,,,,2026-12-01,4000.0,Co. 1_2 Export Sales,22025.11.06 QMS Detailed Budget v1.xlsx,export_budget,2,EUR,Export,Distributor - New,Distributor - New,Company 1,,,2026-03-26T10:51:30+00:00,,,,,,group_export_phasing,2025.11.06,4000.0,1.0,4000.0
-200008,Export - Direct business,,,,2026-01-01,2560.0,Co. 1_2 Export Sales,22025.11.06 QMS Detailed Budget v1.xlsx,export_budget,2,EUR,Export,Export - Direct business,Export - Direct business,Company 1,,,2026-03-26T10:51:30+00:00,,,,,,group_export_phasing,2025.11.06,2560.0,1.0,2560.0
-200008,Export - Direct business,,,,2026-02-01,2560.0,Co. 1_2 Export Sales,22025.11.06 QMS Detailed Budget v1.xlsx,export_budget,2,EUR,Export,Export - Direct business,Export - Direct business,Company 1,,,2026-03-26T10:51:30+00:00,,,,,,group_export_phasing,2025.11.06,2560.0,1.0,2560.0
-200008,Export - Direct business,,,,2026-03-01,2880.0,Co. 1_2 Export Sales,22025.11.06 QMS Detailed Budget v1.xlsx,export_budget,2,EUR,Export,Export - Direct business,Export - Direct business,Company 1,,,2026-03-26T10:51:30+00:00,,,,,,group_export_phasing,2025.11.06,2880.0,1.0,2880.0
-200008,Export - Direct business,,,,2026-04-01,2880.0,Co. 1_2 Export Sales,22025.11.06 QMS Detailed Budget v1.xlsx,export_budget,2,EUR,Export,Export - Direct business,Export - Direct business,Company 1,,,2026-03-26T10:51:30+00:00,,,,,,group_export_phasing,2025.11.06,2880.0,1.0,2880.0
-200008,Export - Direct business,,,,2026-05-01,2880.0,Co. 1_2 Export Sales,22025.11.06 QMS Detailed Budget v1.xlsx,export_budget,2,EUR,Export,Export - Direct business,Export - Direct business,Company 1,,,2026-03-26T10:51:30+00:00,,,,,,group_export_phasing,2025.11.06,2880.0,1.0,2880.0
-200008,Export - Direct business,,,,2026-06-01,2400.0,Co. 1_2 Export Sales,22025.11.06 QMS Detailed Budget v1.xlsx,export_budget,2,EUR,Export,Export - Direct business,Export - Direct business,Company 1,,,2026-03-26T10:51:30+00:00,,,,,,group_export_phasing,2025.11.06,2400.0,1.0,2400.0
-200008,Export - Direct business,,,,2026-07-01,2240.0,Co. 1_2 Export Sales,22025.11.06 QMS Detailed Budget v1.xlsx,export_budget,2,EUR,Export,Export - Direct business,Export - Direct business,Company 1,,,2026-03-26T10:51:30+00:00,,,,,,group_export_phasing,2025.11.06,2240.0,1.0,2240.0
-200008,Export - Direct business,,,,2026-08-01,1920.0,Co. 1_2 Export Sales,22025.11.06 QMS Detailed Budget v1.xlsx,export_budget,2,EUR,Export,Export - Direct business,Export - Direct business,Company 1,,,2026-03-26T10:51:30+00:00,,,,,,group_export_phasing,2025.11.06,1920.0,1.0,1920.0
-200008,Export - Direct business,,,,2026-09-01,3040.0,Co. 1_2 Export Sales,22025.11.06 QMS Detailed Budget v1.xlsx,export_budget,2,EUR,Export,Export - Direct business,Export - Direct business,Company 1,,,2026-03-26T10:51:30+00:00,,,,,,group_export_phasing,2025.11.06,3040.0,1.0,3040.0
-200008,Export - Direct business,,,,2026-10-01,3360.0,Co. 1_2 Export Sales,22025.11.06 QMS Detailed Budget v1.xlsx,export_budget,2,EUR,Export,Export - Direct business,Export - Direct business,Company 1,,,2026-03-26T10:51:30+00:00,,,,,,group_export_phasing,2025.11.06,3360.0,1.0,3360.0
-200008,Export - Direct business,,,,2026-11-01,2880.0,Co. 1_2 Export Sales,22025.11.06 QMS Detailed Budget v1.xlsx,export_budget,2,EUR,Export,Export - Direct business,Export - Direct business,Company 1,,,2026-03-26T10:51:30+00:00,,,,,,group_export_phasing,2025.11.06,2880.0,1.0,2880.0
-200008,Export - Direct business,,,,2026-12-01,2400.0,Co. 1_2 Export Sales,22025.11.06 QMS Detailed Budget v1.xlsx,export_budget,2,EUR,Export,Export - Direct business,Export - Direct business,Company 1,,,2026-03-26T10:51:30+00:00,,,,,,group_export_phasing,2025.11.06,2400.0,1.0,2400.0
-200011,Distributor - China,,,,2026-01-01,24000.0,Co. 1_2 Export Sales,22025.11.06 QMS Detailed Budget v1.xlsx,export_budget,2,EUR,Export,Distributor - China,Distributor - China,Company 1,,,2026-03-26T10:51:30+00:00,,,,,,group_export_phasing,2025.11.06,24000.0,1.0,24000.0
-200011,Distributor - China,,,,2026-02-01,24000.0,Co. 1_2 Export Sales,22025.11.06 QMS Detailed Budget v1.xlsx,export_budget,2,EUR,Export,Distributor - China,Distributor - China,Company 1,,,2026-03-26T10:51:30+00:00,,,,,,group_export_phasing,2025.11.06,24000.0,1.0,24000.0
-200011,Distributor - China,,,,2026-03-01,26400.0,Co. 1_2 Export Sales,22025.11.06 QMS Detailed Budget v1.xlsx,export_budget,2,EUR,Export,Distributor - China,Distributor - China,Company 1,,,2026-03-26T10:51:30+00:00,,,,,,group_export_phasing,2025.11.06,26400.0,1.0,26400.0
-200011,Distributor - China,,,,2026-04-01,34400.0,Co. 1_2 Export Sales,22025.11.06 QMS Detailed Budget v1.xlsx,export_budget,2,EUR,Export,Distributor - China,Distributor - China,Company 1,,,2026-03-26T10:51:30+00:00,,,,,,group_export_phasing,2025.11.06,34400.0,1.0,34400.0
-200011,Distributor - China,,,,2026-05-01,64000.0,Co. 1_2 Export Sales,22025.11.06 QMS Detailed Budget v1.xlsx,export_budget,2,EUR,Export,Distributor - China,Distributor - China,Company 1,,,2026-03-26T10:51:30+00:00,,,,,,group_export_phasing,2025.11.06,64000.0,1.0,64000.0
-200011,Distributor - China,,,,2026-06-01,48000.0,Co. 1_2 Export Sales,22025.11.06 QMS Detailed Budget v1.xlsx,export_budget,2,EUR,Export,Distributor - China,Distributor - China,Company 1,,,2026-03-26T10:51:30+00:00,,,,,,group_export_phasing,2025.11.06,48000.0,1.0,48000.0
-200011,Distributor - China,,,,2026-07-01,48000.0,Co. 1_2 Export Sales,22025.11.06 QMS Detailed Budget v1.xlsx,export_budget,2,EUR,Export,Distributor - China,Distributor - China,Company 1,,,2026-03-26T10:51:30+00:00,,,,,,group_export_phasing,2025.11.06,48000.0,1.0,48000.0
-200011,Distributor - China,,,,2026-08-01,48000.0,Co. 1_2 Export Sales,22025.11.06 QMS Detailed Budget v1.xlsx,export_budget,2,EUR,Export,Distributor - China,Distributor - China,Company 1,,,2026-03-26T10:51:30+00:00,,,,,,group_export_phasing,2025.11.06,48000.0,1.0,48000.0
-200011,Distributor - China,,,,2026-09-01,200000.0,Co. 1_2 Export Sales,22025.11.06 QMS Detailed Budget v1.xlsx,export_budget,2,EUR,Export,Distributor - China,Distributor - China,Company 1,,,2026-03-26T10:51:30+00:00,,,,,,group_export_phasing,2025.11.06,200000.0,1.0,200000.0
-200011,Distributor - China,,,,2026-10-01,120000.0,Co. 1_2 Export Sales,22025.11.06 QMS Detailed Budget v1.xlsx,export_budget,2,EUR,Export,Distributor - China,Distributor - China,Company 1,,,2026-03-26T10:51:30+00:00,,,,,,group_export_phasing,2025.11.06,120000.0,1.0,120000.0
-200011,Distributor - China,,,,2026-11-01,80000.0,Co. 1_2 Export Sales,22025.11.06 QMS Detailed Budget v1.xlsx,export_budget,2,EUR,Export,Distributor - China,Distributor - China,Company 1,,,2026-03-26T10:51:30+00:00,,,,,,group_export_phasing,2025.11.06,80000.0,1.0,80000.0
-200011,Distributor - China,,,,2026-12-01,80000.0,Co. 1_2 Export Sales,22025.11.06 QMS Detailed Budget v1.xlsx,export_budget,2,EUR,Export,Distributor - China,Distributor - China,Company 1,,,2026-03-26T10:51:30+00:00,,,,,,group_export_phasing,2025.11.06,80000.0,1.0,80000.0
-200012,Distributor - Middle East,,,,2026-01-01,18000.0,Co. 1_2 Export Sales,22025.11.06 QMS Detailed Budget v1.xlsx,export_budget,2,EUR,Export,Distributor - Middle East,Distributor - Middle East,Company 1,,,2026-03-26T10:51:30+00:00,,,,,,group_export_phasing,2025.11.06,18000.0,1.0,18000.0
-200012,Distributor - Middle East,,,,2026-02-01,18000.0,Co. 1_2 Export Sales,22025.11.06 QMS Detailed Budget v1.xlsx,export_budget,2,EUR,Export,Distributor - Middle East,Distributor - Middle East,Company 1,,,2026-03-26T10:51:30+00:00,,,,,,group_export_phasing,2025.11.06,18000.0,1.0,18000.0
-200012,Distributor - Middle East,,,,2026-03-01,18000.0,Co. 1_2 Export Sales,22025.11.06 QMS Detailed Budget v1.xlsx,export_budget,2,EUR,Export,Distributor - Middle East,Distributor - Middle East,Company 1,,,2026-03-26T10:51:30+00:00,,,,,,group_export_phasing,2025.11.06,18000.0,1.0,18000.0
-200012,Distributor - Middle East,,,,2026-04-01,18000.0,Co. 1_2 Export Sales,22025.11.06 QMS Detailed Budget v1.xlsx,export_budget,2,EUR,Export,Distributor - Middle East,Distributor - Middle East,Company 1,,,2026-03-26T10:51:30+00:00,,,,,,group_export_phasing,2025.11.06,18000.0,1.0,18000.0
-200012,Distributor - Middle East,,,,2026-05-01,12000.0,Co. 1_2 Export Sales,22025.11.06 QMS Detailed Budget v1.xlsx,export_budget,2,EUR,Export,Distributor - Middle East,Distributor - Middle East,Company 1,,,2026-03-26T10:51:30+00:00,,,,,,group_export_phasing,2025.11.06,12000.0,1.0,12000.0
-200012,Distributor - Middle East,,,,2026-06-01,20000.0,Co. 1_2 Export Sales,22025.11.06 QMS Detailed Budget v1.xlsx,export_budget,2,EUR,Export,Distributor - Middle East,Distributor - Middle East,Company 1,,,2026-03-26T10:51:30+00:00,,,,,,group_export_phasing,2025.11.06,20000.0,1.0,20000.0
-200012,Distributor - Middle East,,,,2026-07-01,8000.0,Co. 1_2 Export Sales,22025.11.06 QMS Detailed Budget v1.xlsx,export_budget,2,EUR,Export,Distributor - Middle East,Distributor - Middle East,Company 1,,,2026-03-26T10:51:30+00:00,,,,,,group_export_phasing,2025.11.06,8000.0,1.0,8000.0
-200012,Distributor - Middle East,,,,2026-08-01,8000.0,Co. 1_2 Export Sales,22025.11.06 QMS Detailed Budget v1.xlsx,export_budget,2,EUR,Export,Distributor - Middle East,Distributor - Middle East,Company 1,,,2026-03-26T10:51:30+00:00,,,,,,group_export_phasing,2025.11.06,8000.0,1.0,8000.0
-200012,Distributor - Middle East,,,,2026-09-01,16000.0,Co. 1_2 Export Sales,22025.11.06 QMS Detailed Budget v1.xlsx,export_budget,2,EUR,Export,Distributor - Middle East,Distributor - Middle East,Company 1,,,2026-03-26T10:51:30+00:00,,,,,,group_export_phasing,2025.11.06,16000.0,1.0,16000.0
-200012,Distributor - Middle East,,,,2026-10-01,24000.0,Co. 1_2 Export Sales,22025.11.06 QMS Detailed Budget v1.xlsx,export_budget,2,EUR,Export,Distributor - Middle East,Distributor - Middle East,Company 1,,,2026-03-26T10:51:30+00:00,,,,,,group_export_phasing,2025.11.06,24000.0,1.0,24000.0
-200012,Distributor - Middle East,,,,2026-11-01,20000.0,Co. 1_2 Export Sales,22025.11.06 QMS Detailed Budget v1.xlsx,export_budget,2,EUR,Export,Distributor - Middle East,Distributor - Middle East,Company 1,,,2026-03-26T10:51:30+00:00,,,,,,group_export_phasing,2025.11.06,20000.0,1.0,20000.0
-200012,Distributor - Middle East,,,,2026-12-01,20000.0,Co. 1_2 Export Sales,22025.11.06 QMS Detailed Budget v1.xlsx,export_budget,2,EUR,Export,Distributor - Middle East,Distributor - Middle East,Company 1,,,2026-03-26T10:51:30+00:00,,,,,,group_export_phasing,2025.11.06,20000.0,1.0,20000.0
-200013,Distributor - APAC,,,,2026-06-01,14500.0,Co. 1_2 Export Sales,22025.11.06 QMS Detailed Budget v1.xlsx,export_budget,2,EUR,Export,Distributor - APAC,Distributor - APAC,Company 1,,,2026-03-26T10:51:30+00:00,,,,,,group_export_phasing,2025.11.06,14500.0,1.0,14500.0
-200013,Distributor - APAC,,,,2026-07-01,14500.0,Co. 1_2 Export Sales,22025.11.06 QMS Detailed Budget v1.xlsx,export_budget,2,EUR,Export,Distributor - APAC,Distributor - APAC,Company 1,,,2026-03-26T10:51:30+00:00,,,,,,group_export_phasing,2025.11.06,14500.0,1.0,14500.0
-200013,Distributor - APAC,,,,2026-08-01,14500.0,Co. 1_2 Export Sales,22025.11.06 QMS Detailed Budget v1.xlsx,export_budget,2,EUR,Export,Distributor - APAC,Distributor - APAC,Company 1,,,2026-03-26T10:51:30+00:00,,,,,,group_export_phasing,2025.11.06,14500.0,1.0,14500.0
-200013,Distributor - APAC,,,,2026-09-01,21750.0,Co. 1_2 Export Sales,22025.11.06 QMS Detailed Budget v1.xlsx,export_budget,2,EUR,Export,Distributor - APAC,Distributor - APAC,Company 1,,,2026-03-26T10:51:30+00:00,,,,,,group_export_phasing,2025.11.06,21750.0,1.0,21750.0
-200013,Distributor - APAC,,,,2026-10-01,21750.0,Co. 1_2 Export Sales,22025.11.06 QMS Detailed Budget v1.xlsx,export_budget,2,EUR,Export,Distributor - APAC,Distributor - APAC,Company 1,,,2026-03-26T10:51:30+00:00,,,,,,group_export_phasing,2025.11.06,21750.0,1.0,21750.0
-200013,Distributor - APAC,,,,2026-11-01,29000.0,Co. 1_2 Export Sales,22025.11.06 QMS Detailed Budget v1.xlsx,export_budget,2,EUR,Export,Distributor - APAC,Distributor - APAC,Company 1,,,2026-03-26T10:51:30+00:00,,,,,,group_export_phasing,2025.11.06,29000.0,1.0,29000.0
-200013,Distributor - APAC,,,,2026-12-01,29000.0,Co. 1_2 Export Sales,22025.11.06 QMS Detailed Budget v1.xlsx,export_budget,2,EUR,Export,Distributor - APAC,Distributor - APAC,Company 1,,,2026-03-26T10:51:30+00:00,,,,,,group_export_phasing,2025.11.06,29000.0,1.0,29000.0
