workbook_type,budget_month,market_group,region,currency_code,company_group,workbook_name,sheet_name,budget_existing_raw,budget_new_raw,budget_existing_k,budget_new_k,budget_amount_raw,budget_amount_report_k,source_section,source_label,load_ts,budget_amount_native,fx_rate_to_eur,budget_amount_eur_compare,budget_version
export_budget,2022-01-01,Export,Export,EUR,Company 1,2025.09.24 Export Sales Budget 2026 vSU.xlsx,Budget,1657.1856699999998,0.0,1657.0,0.0,1657.1856699999998,1657,derived_from_customer_facts,Export,2026-03-26T10:51:30+00:00,1657.1856699999998,1.0,1657.1856699999998,2025.09.24
export_budget,2023-01-01,Export,Export,EUR,Company 1,2025.09.24 Export Sales Budget 2026 vSU.xlsx,Budget,1500.32003,0.0,1500.0,0.0,1500.32003,1500,derived_from_customer_facts,Export,2026-03-26T10:51:30+00:00,1500.32003,1.0,1500.32003,2025.09.24
export_budget,2024-01-01,Export,Export,EUR,Company 1,2025.09.24 Export Sales Budget 2026 vSU.xlsx,Budget,1706.20292,0.0,1706.0,0.0,1706.20292,1706,derived_from_customer_facts,Export,2026-03-26T10:51:30+00:00,1706.20292,1.0,1706.20292,2025.09.24
export_budget,2026-01-01,Export,Distributor - Austria,EUR,Company 1,22025.11.06 QMS Detailed Budget v1.xlsx,Co. 1_2 Export Sales,38.7,0.0,39.0,0.0,38.7,39,derived_from_customer_facts,Distributor - Austria,2026-03-26T10:51:30+00:00,38.7,1.0,38.7,2025.11.06
export_budget,2026-01-01,Export,Distributor - Other EU,EUR,Company 1,22025.11.06 QMS Detailed Budget v1.xlsx,Co. 1_2 Export Sales,36.6,0.0,37.0,0.0,36.6,37,derived_from_customer_facts,Distributor - Other EU,2026-03-26T10:51:30+00:00,36.6,1.0,36.6,2025.11.06
export_budget,2026-01-01,Export,Distributor - Other ROW,EUR,Company 1,22025.11.06 QMS Detailed Budget v1.xlsx,Co. 1_2 Export Sales,2.4,0.0,2.0,0.0,2.4,2,derived_from_customer_facts,Distributor - Other ROW,2026-03-26T10:51:30+00:00,2.4,1.0,2.4,2025.11.06
export_budget,2026-01-01,Export,Export - Direct business,EUR,Company 1,22025.11.06 QMS Detailed Budget v1.xlsx,Co. 1_2 Export Sales,2.56,0.0,3.0,0.0,2.56,3,derived_from_customer_facts,Export - Direct business,2026-03-26T10:51:30+00:00,2.56,1.0,2.56,2025.11.06
export_budget,2026-02-01,Export,Distributor - Austria,EUR,Company 1,22025.11.06 QMS Detailed Budget v1.xlsx,Co. 1_2 Export Sales,38.7,0.0,39.0,0.0,38.7,39,derived_from_customer_facts,Distributor - Austria,2026-03-26T10:51:30+00:00,38.7,1.0,38.7,2025.11.06
export_budget,2026-02-01,Export,Distributor - Other EU,EUR,Company 1,22025.11.06 QMS Detailed Budget v1.xlsx,Co. 1_2 Export Sales,32.025000000000006,0.0,32.0,0.0,32.025000000000006,32,derived_from_customer_facts,Distributor - Other EU,2026-03-26T10:51:30+00:00,32.025000000000006,1.0,32.025000000000006,2025.11.06
export_budget,2026-02-01,Export,Distributor - Other ROW,EUR,Company 1,22025.11.06 QMS Detailed Budget v1.xlsx,Co. 1_2 Export Sales,2.1,0.0,2.0,0.0,2.1,2,derived_from_customer_facts,Distributor - Other ROW,2026-03-26T10:51:30+00:00,2.1,1.0,2.1,2025.11.06
export_budget,2026-02-01,Export,Distributor - Russia,EUR,Company 1,22025.11.06 QMS Detailed Budget v1.xlsx,Co. 1_2 Export Sales,70.0,0.0,70.0,0.0,70.0,70,derived_from_customer_facts,Distributor - Russia,2026-03-26T10:51:30+00:00,70.0,1.0,70.0,2025.11.06
export_budget,2026-02-01,Export,Distributor - South Africa,EUR,Company 1,22025.11.06 QMS Detailed Budget v1.xlsx,Co. 1_2 Export Sales,100.0,0.0,100.0,0.0,100.0,100,derived_from_customer_facts,Distributor - South Africa,2026-03-26T10:51:30+00:00,100.0,1.0,100.0,2025.11.06
export_budget,2026-02-01,Export,Export - Direct business,EUR,Company 1,22025.11.06 QMS Detailed Budget v1.xlsx,Co. 1_2 Export Sales,2.56,0.0,3.0,0.0,2.56,3,derived_from_customer_facts,Export - Direct business,2026-03-26T10:51:30+00:00,2.56,1.0,2.56,2025.11.06
export_budget,2026-03-01,Export,Distributor - Austria,EUR,Company 1,22025.11.06 QMS Detailed Budget v1.xlsx,Co. 1_2 Export Sales,38.7,0.0,39.0,0.0,38.7,39,derived_from_customer_facts,Distributor - Austria,2026-03-26T10:51:30+00:00,38.7,1.0,38.7,2025.11.06
export_budget,2026-03-01,Export,Distributor - Other EU,EUR,Company 1,22025.11.06 QMS Detailed Budget v1.xlsx,Co. 1_2 Export Sales,45.75,0.0,46.0,0.0,45.75,46,derived_from_customer_facts,Distributor - Other EU,2026-03-26T10:51:30+00:00,45.75,1.0,45.75,2025.11.06
export_budget,2026-03-01,Export,Distributor - Other ROW,EUR,Company 1,22025.11.06 QMS Detailed Budget v1.xlsx,Co. 1_2 Export Sales,3.0,0.0,3.0,0.0,3.0,3,derived_from_customer_facts,Distributor - Other ROW,2026-03-26T10:51:30+00:00,3.0,1.0,3.0,2025.11.06
export_budget,2026-03-01,Export,Distributor - South Africa,EUR,Company 1,22025.11.06 QMS Detailed Budget v1.xlsx,Co. 1_2 Export Sales,75.0,0.0,75.0,0.0,75.0,75,derived_from_customer_facts,Distributor - South Africa,2026-03-26T10:51:30+00:00,75.0,1.0,75.0,2025.11.06
export_budget,2026-03-01,Export,Export - Direct business,EUR,Company 1,22025.11.06 QMS Detailed Budget v1.xlsx,Co. 1_2 Export Sales,2.88,0.0,3.0,0.0,2.88,3,derived_from_customer_facts,Export - Direct business,2026-03-26T10:51:30+00:00,2.88,1.0,2.88,2025.11.06
export_budget,2026-04-01,Export,Distributor - Austria,EUR,Company 1,22025.11.06 QMS Detailed Budget v1.xlsx,Co. 1_2 Export Sales,38.7,0.0,39.0,0.0,38.7,39,derived_from_customer_facts,Distributor - Austria,2026-03-26T10:51:30+00:00,38.7,1.0,38.7,2025.11.06
export_budget,2026-04-01,Export,Distributor - Other EU,EUR,Company 1,22025.11.06 QMS Detailed Budget v1.xlsx,Co. 1_2 Export Sales,41.175,0.0,41.0,0.0,41.175,41,derived_from_customer_facts,Distributor - Other EU,2026-03-26T10:51:30+00:00,41.175,1.0,41.175,2025.11.06
export_budget,2026-04-01,Export,Distributor - Other ROW,EUR,Company 1,22025.11.06 QMS Detailed Budget v1.xlsx,Co. 1_2 Export Sales,2.7,0.0,3.0,0.0,2.7,3,derived_from_customer_facts,Distributor - Other ROW,2026-03-26T10:51:30+00:00,2.7,1.0,2.7,2025.11.06
export_budget,2026-04-01,Export,Export - Direct business,EUR,Company 1,22025.11.06 QMS Detailed Budget v1.xlsx,Co. 1_2 Export Sales,2.88,0.0,3.0,0.0,2.88,3,derived_from_customer_facts,Export - Direct business,2026-03-26T10:51:30+00:00,2.88,1.0,2.88,2025.11.06
export_budget,2026-05-01,Export,Distributor - Austria,EUR,Company 1,22025.11.06 QMS Detailed Budget v1.xlsx,Co. 1_2 Export Sales,25.8,0.0,26.0,0.0,25.8,26,derived_from_customer_facts,Distributor - Austria,2026-03-26T10:51:30+00:00,25.8,1.0,25.8,2025.11.06
export_budget,2026-05-01,Export,Distributor - Other EU,EUR,Company 1,22025.11.06 QMS Detailed Budget v1.xlsx,Co. 1_2 Export Sales,41.175,0.0,41.0,0.0,41.175,41,derived_from_customer_facts,Distributor - Other EU,2026-03-26T10:51:30+00:00,41.175,1.0,41.175,2025.11.06
export_budget,2026-05-01,Export,Distributor - Other ROW,EUR,Company 1,22025.11.06 QMS Detailed Budget v1.xlsx,Co. 1_2 Export Sales,2.7,0.0,3.0,0.0,2.7,3,derived_from_customer_facts,Distributor - Other ROW,2026-03-26T10:51:30+00:00,2.7,1.0,2.7,2025.11.06
export_budget,2026-05-01,Export,Distributor - Russia,EUR,Company 1,22025.11.06 QMS Detailed Budget v1.xlsx,Co. 1_2 Export Sales,87.5,0.0,88.0,0.0,87.5,88,derived_from_customer_facts,Distributor - Russia,2026-03-26T10:51:30+00:00,87.5,1.0,87.5,2025.11.06
export_budget,2026-05-01,Export,Distributor - South Africa,EUR,Company 1,22025.11.06 QMS Detailed Budget v1.xlsx,Co. 1_2 Export Sales,75.0,0.0,75.0,0.0,75.0,75,derived_from_customer_facts,Distributor - South Africa,2026-03-26T10:51:30+00:00,75.0,1.0,75.0,2025.11.06
export_budget,2026-05-01,Export,Export - Direct business,EUR,Company 1,22025.11.06 QMS Detailed Budget v1.xlsx,Co. 1_2 Export Sales,2.88,0.0,3.0,0.0,2.88,3,derived_from_customer_facts,Export - Direct business,2026-03-26T10:51:30+00:00,2.88,1.0,2.88,2025.11.06
export_budget,2026-06-01,Export,Distributor - Austria,EUR,Company 1,22025.11.06 QMS Detailed Budget v1.xlsx,Co. 1_2 Export Sales,43.0,0.0,43.0,0.0,43.0,43,derived_from_customer_facts,Distributor - Austria,2026-03-26T10:51:30+00:00,43.0,1.0,43.0,2025.11.06
export_budget,2026-06-01,Export,Distributor - New,EUR,Company 1,22025.11.06 QMS Detailed Budget v1.xlsx,Co. 1_2 Export Sales,2.0,0.0,2.0,0.0,2.0,2,derived_from_customer_facts,Distributor - New,2026-03-26T10:51:30+00:00,2.0,1.0,2.0,2025.11.06
export_budget,2026-06-01,Export,Distributor - Other EU,EUR,Company 1,22025.11.06 QMS Detailed Budget v1.xlsx,Co. 1_2 Export Sales,36.6,0.0,37.0,0.0,36.6,37,derived_from_customer_facts,Distributor - Other EU,2026-03-26T10:51:30+00:00,36.6,1.0,36.6,2025.11.06
export_budget,2026-06-01,Export,Distributor - Other ROW,EUR,Company 1,22025.11.06 QMS Detailed Budget v1.xlsx,Co. 1_2 Export Sales,2.4,0.0,2.0,0.0,2.4,2,derived_from_customer_facts,Distributor - Other ROW,2026-03-26T10:51:30+00:00,2.4,1.0,2.4,2025.11.06
export_budget,2026-06-01,Export,Distributor - South Africa,EUR,Company 1,22025.11.06 QMS Detailed Budget v1.xlsx,Co. 1_2 Export Sales,75.0,0.0,75.0,0.0,75.0,75,derived_from_customer_facts,Distributor - South Africa,2026-03-26T10:51:30+00:00,75.0,1.0,75.0,2025.11.06
export_budget,2026-06-01,Export,Export - Direct business,EUR,Company 1,22025.11.06 QMS Detailed Budget v1.xlsx,Co. 1_2 Export Sales,2.4,0.0,2.0,0.0,2.4,2,derived_from_customer_facts,Export - Direct business,2026-03-26T10:51:30+00:00,2.4,1.0,2.4,2025.11.06
export_budget,2026-07-01,Export,Distributor - Austria,EUR,Company 1,22025.11.06 QMS Detailed Budget v1.xlsx,Co. 1_2 Export Sales,17.2,0.0,17.0,0.0,17.2,17,derived_from_customer_facts,Distributor - Austria,2026-03-26T10:51:30+00:00,17.2,1.0,17.2,2025.11.06
export_budget,2026-07-01,Export,Distributor - New,EUR,Company 1,22025.11.06 QMS Detailed Budget v1.xlsx,Co. 1_2 Export Sales,2.0,0.0,2.0,0.0,2.0,2,derived_from_customer_facts,Distributor - New,2026-03-26T10:51:30+00:00,2.0,1.0,2.0,2025.11.06
export_budget,2026-07-01,Export,Distributor - Other EU,EUR,Company 1,22025.11.06 QMS Detailed Budget v1.xlsx,Co. 1_2 Export Sales,36.6,0.0,37.0,0.0,36.6,37,derived_from_customer_facts,Distributor - Other EU,2026-03-26T10:51:30+00:00,36.6,1.0,36.6,2025.11.06
export_budget,2026-07-01,Export,Distributor - Other ROW,EUR,Company 1,22025.11.06 QMS Detailed Budget v1.xlsx,Co. 1_2 Export Sales,2.4,0.0,2.0,0.0,2.4,2,derived_from_customer_facts,Distributor - Other ROW,2026-03-26T10:51:30+00:00,2.4,1.0,2.4,2025.11.06
export_budget,2026-07-01,Export,Export - Direct business,EUR,Company 1,22025.11.06 QMS Detailed Budget v1.xlsx,Co. 1_2 Export Sales,2.24,0.0,2.0,0.0,2.24,2,derived_from_customer_facts,Export - Direct business,2026-03-26T10:51:30+00:00,2.24,1.0,2.24,2025.11.06
export_budget,2026-08-01,Export,Distributor - Austria,EUR,Company 1,22025.11.06 QMS Detailed Budget v1.xlsx,Co. 1_2 Export Sales,17.2,0.0,17.0,0.0,17.2,17,derived_from_customer_facts,Distributor - Austria,2026-03-26T10:51:30+00:00,17.2,1.0,17.2,2025.11.06
export_budget,2026-08-01,Export,Distributor - New,EUR,Company 1,22025.11.06 QMS Detailed Budget v1.xlsx,Co. 1_2 Export Sales,2.0,0.0,2.0,0.0,2.0,2,derived_from_customer_facts,Distributor - New,2026-03-26T10:51:30+00:00,2.0,1.0,2.0,2025.11.06
export_budget,2026-08-01,Export,Distributor - Other EU,EUR,Company 1,22025.11.06 QMS Detailed Budget v1.xlsx,Co. 1_2 Export Sales,27.45,0.0,27.0,0.0,27.45,27,derived_from_customer_facts,Distributor - Other EU,2026-03-26T10:51:30+00:00,27.45,1.0,27.45,2025.11.06
export_budget,2026-08-01,Export,Distributor - Other ROW,EUR,Company 1,22025.11.06 QMS Detailed Budget v1.xlsx,Co. 1_2 Export Sales,1.8,0.0,2.0,0.0,1.8,2,derived_from_customer_facts,Distributor - Other ROW,2026-03-26T10:51:30+00:00,1.8,1.0,1.8,2025.11.06
export_budget,2026-08-01,Export,Distributor - Russia,EUR,Company 1,22025.11.06 QMS Detailed Budget v1.xlsx,Co. 1_2 Export Sales,105.0,0.0,105.0,0.0,105.0,105,derived_from_customer_facts,Distributor - Russia,2026-03-26T10:51:30+00:00,105.0,1.0,105.0,2025.11.06
export_budget,2026-08-01,Export,Distributor - South Africa,EUR,Company 1,22025.11.06 QMS Detailed Budget v1.xlsx,Co. 1_2 Export Sales,62.5,0.0,63.0,0.0,62.5,63,derived_from_customer_facts,Distributor - South Africa,2026-03-26T10:51:30+00:00,62.5,1.0,62.5,2025.11.06
export_budget,2026-08-01,Export,Export - Direct business,EUR,Company 1,22025.11.06 QMS Detailed Budget v1.xlsx,Co. 1_2 Export Sales,1.92,0.0,2.0,0.0,1.92,2,derived_from_customer_facts,Export - Direct business,2026-03-26T10:51:30+00:00,1.92,1.0,1.92,2025.11.06
export_budget,2026-09-01,Export,Distributor - Austria,EUR,Company 1,22025.11.06 QMS Detailed Budget v1.xlsx,Co. 1_2 Export Sales,34.4,0.0,34.0,0.0,34.4,34,derived_from_customer_facts,Distributor - Austria,2026-03-26T10:51:30+00:00,34.4,1.0,34.4,2025.11.06
export_budget,2026-09-01,Export,Distributor - New,EUR,Company 1,22025.11.06 QMS Detailed Budget v1.xlsx,Co. 1_2 Export Sales,3.0,0.0,3.0,0.0,3.0,3,derived_from_customer_facts,Distributor - New,2026-03-26T10:51:30+00:00,3.0,1.0,3.0,2025.11.06
export_budget,2026-09-01,Export,Distributor - Other EU,EUR,Company 1,22025.11.06 QMS Detailed Budget v1.xlsx,Co. 1_2 Export Sales,41.175,0.0,41.0,0.0,41.175,41,derived_from_customer_facts,Distributor - Other EU,2026-03-26T10:51:30+00:00,41.175,1.0,41.175,2025.11.06
export_budget,2026-09-01,Export,Distributor - Other ROW,EUR,Company 1,22025.11.06 QMS Detailed Budget v1.xlsx,Co. 1_2 Export Sales,2.7,0.0,3.0,0.0,2.7,3,derived_from_customer_facts,Distributor - Other ROW,2026-03-26T10:51:30+00:00,2.7,1.0,2.7,2025.11.06
export_budget,2026-09-01,Export,Export - Direct business,EUR,Company 1,22025.11.06 QMS Detailed Budget v1.xlsx,Co. 1_2 Export Sales,3.04,0.0,3.0,0.0,3.04,3,derived_from_customer_facts,Export - Direct business,2026-03-26T10:51:30+00:00,3.04,1.0,3.04,2025.11.06
export_budget,2026-10-01,Export,Distributor - Austria,EUR,Company 1,22025.11.06 QMS Detailed Budget v1.xlsx,Co. 1_2 Export Sales,51.6,0.0,52.0,0.0,51.6,52,derived_from_customer_facts,Distributor - Austria,2026-03-26T10:51:30+00:00,51.6,1.0,51.6,2025.11.06
export_budget,2026-10-01,Export,Distributor - New,EUR,Company 1,22025.11.06 QMS Detailed Budget v1.xlsx,Co. 1_2 Export Sales,3.0,0.0,3.0,0.0,3.0,3,derived_from_customer_facts,Distributor - New,2026-03-26T10:51:30+00:00,3.0,1.0,3.0,2025.11.06
export_budget,2026-10-01,Export,Distributor - Other EU,EUR,Company 1,22025.11.06 QMS Detailed Budget v1.xlsx,Co. 1_2 Export Sales,45.75,0.0,46.0,0.0,45.75,46,derived_from_customer_facts,Distributor - Other EU,2026-03-26T10:51:30+00:00,45.75,1.0,45.75,2025.11.06
export_budget,2026-10-01,Export,Distributor - Other ROW,EUR,Company 1,22025.11.06 QMS Detailed Budget v1.xlsx,Co. 1_2 Export Sales,3.0,0.0,3.0,0.0,3.0,3,derived_from_customer_facts,Distributor - Other ROW,2026-03-26T10:51:30+00:00,3.0,1.0,3.0,2025.11.06
export_budget,2026-10-01,Export,Distributor - South Africa,EUR,Company 1,22025.11.06 QMS Detailed Budget v1.xlsx,Co. 1_2 Export Sales,87.50000000000001,0.0,88.0,0.0,87.50000000000001,88,derived_from_customer_facts,Distributor - South Africa,2026-03-26T10:51:30+00:00,87.50000000000001,1.0,87.50000000000001,2025.11.06
export_budget,2026-10-01,Export,Export - Direct business,EUR,Company 1,22025.11.06 QMS Detailed Budget v1.xlsx,Co. 1_2 Export Sales,3.36,0.0,3.0,0.0,3.36,3,derived_from_customer_facts,Export - Direct business,2026-03-26T10:51:30+00:00,3.36,1.0,3.36,2025.11.06
export_budget,2026-11-01,Export,Distributor - Austria,EUR,Company 1,22025.11.06 QMS Detailed Budget v1.xlsx,Co. 1_2 Export Sales,43.0,0.0,43.0,0.0,43.0,43,derived_from_customer_facts,Distributor - Austria,2026-03-26T10:51:30+00:00,43.0,1.0,43.0,2025.11.06
export_budget,2026-11-01,Export,Distributor - New,EUR,Company 1,22025.11.06 QMS Detailed Budget v1.xlsx,Co. 1_2 Export Sales,4.0,0.0,4.0,0.0,4.0,4,derived_from_customer_facts,Distributor - New,2026-03-26T10:51:30+00:00,4.0,1.0,4.0,2025.11.06
export_budget,2026-11-01,Export,Distributor - Other EU,EUR,Company 1,22025.11.06 QMS Detailed Budget v1.xlsx,Co. 1_2 Export Sales,41.175,0.0,41.0,0.0,41.175,41,derived_from_customer_facts,Distributor - Other EU,2026-03-26T10:51:30+00:00,41.175,1.0,41.175,2025.11.06
export_budget,2026-11-01,Export,Distributor - Other ROW,EUR,Company 1,22025.11.06 QMS Detailed Budget v1.xlsx,Co. 1_2 Export Sales,2.7,0.0,3.0,0.0,2.7,3,derived_from_customer_facts,Distributor - Other ROW,2026-03-26T10:51:30+00:00,2.7,1.0,2.7,2025.11.06
export_budget,2026-11-01,Export,Distributor - Russia,EUR,Company 1,22025.11.06 QMS Detailed Budget v1.xlsx,Co. 1_2 Export Sales,87.5,0.0,88.0,0.0,87.5,88,derived_from_customer_facts,Distributor - Russia,2026-03-26T10:51:30+00:00,87.5,1.0,87.5,2025.11.06
export_budget,2026-11-01,Export,Distributor - South Africa,EUR,Company 1,22025.11.06 QMS Detailed Budget v1.xlsx,Co. 1_2 Export Sales,75.0,0.0,75.0,0.0,75.0,75,derived_from_customer_facts,Distributor - South Africa,2026-03-26T10:51:30+00:00,75.0,1.0,75.0,2025.11.06
export_budget,2026-11-01,Export,Export - Direct business,EUR,Company 1,22025.11.06 QMS Detailed Budget v1.xlsx,Co. 1_2 Export Sales,2.88,0.0,3.0,0.0,2.88,3,derived_from_customer_facts,Export - Direct business,2026-03-26T10:51:30+00:00,2.88,1.0,2.88,2025.11.06
export_budget,2026-12-01,Export,Distributor - Austria,EUR,Company 1,22025.11.06 QMS Detailed Budget v1.xlsx,Co. 1_2 Export Sales,43.0,0.0,43.0,0.0,43.0,43,derived_from_customer_facts,Distributor - Austria,2026-03-26T10:51:30+00:00,43.0,1.0,43.0,2025.11.06
export_budget,2026-12-01,Export,Distributor - New,EUR,Company 1,22025.11.06 QMS Detailed Budget v1.xlsx,Co. 1_2 Export Sales,4.0,0.0,4.0,0.0,4.0,4,derived_from_customer_facts,Distributor - New,2026-03-26T10:51:30+00:00,4.0,1.0,4.0,2025.11.06
export_budget,2026-12-01,Export,Distributor - Other EU,EUR,Company 1,22025.11.06 QMS Detailed Budget v1.xlsx,Co. 1_2 Export Sales,32.025000000000006,0.0,32.0,0.0,32.025000000000006,32,derived_from_customer_facts,Distributor - Other EU,2026-03-26T10:51:30+00:00,32.025000000000006,1.0,32.025000000000006,2025.11.06
export_budget,2026-12-01,Export,Distributor - Other ROW,EUR,Company 1,22025.11.06 QMS Detailed Budget v1.xlsx,Co. 1_2 Export Sales,2.1,0.0,2.0,0.0,2.1,2,derived_from_customer_facts,Distributor - Other ROW,2026-03-26T10:51:30+00:00,2.1,1.0,2.1,2025.11.06
export_budget,2026-12-01,Export,Distributor - South Africa,EUR,Company 1,22025.11.06 QMS Detailed Budget v1.xlsx,Co. 1_2 Export Sales,75.0,0.0,75.0,0.0,75.0,75,derived_from_customer_facts,Distributor - South Africa,2026-03-26T10:51:30+00:00,75.0,1.0,75.0,2025.11.06
export_budget,2026-12-01,Export,Export - Direct business,EUR,Company 1,22025.11.06 QMS Detailed Budget v1.xlsx,Co. 1_2 Export Sales,2.4,0.0,2.0,0.0,2.4,2,derived_from_customer_facts,Export - Direct business,2026-03-26T10:51:30+00:00,2.4,1.0,2.4,2025.11.06
export_budget,2026-01-01,Export,Distributor - South Africa,EUR,Company 1,22025.11.06 QMS Detailed Budget v1.xlsx,2026B,,,,,0.0,0,group_2026b,Distributor - South Africa,2026-03-26T10:51:21+00:00,0.0,1.0,0.0,2025.11.06
export_budget,2026-04-01,Export,Distributor - South Africa,EUR,Company 1,22025.11.06 QMS Detailed Budget v1.xlsx,2026B,,,,,0.0,0,group_2026b,Distributor - South Africa,2026-03-26T10:51:21+00:00,0.0,1.0,0.0,2025.11.06
export_budget,2026-07-01,Export,Distributor - South Africa,EUR,Company 1,22025.11.06 QMS Detailed Budget v1.xlsx,2026B,,,,,0.0,0,group_2026b,Distributor - South Africa,2026-03-26T10:51:21+00:00,0.0,1.0,0.0,2025.11.06
export_budget,2026-09-01,Export,Distributor - South Africa,EUR,Company 1,22025.11.06 QMS Detailed Budget v1.xlsx,2026B,,,,,0.0,0,group_2026b,Distributor - South Africa,2026-03-26T10:51:21+00:00,0.0,1.0,0.0,2025.11.06
export_budget,2026-01-01,Export,Distributor - Russia,EUR,Company 1,22025.11.06 QMS Detailed Budget v1.xlsx,2026B,,,,,0.0,0,group_2026b,Distributor - Russia,2026-03-26T10:51:21+00:00,0.0,1.0,0.0,2025.11.06
export_budget,2026-03-01,Export,Distributor - Russia,EUR,Company 1,22025.11.06 QMS Detailed Budget v1.xlsx,2026B,,,,,0.0,0,group_2026b,Distributor - Russia,2026-03-26T10:51:21+00:00,0.0,1.0,0.0,2025.11.06
export_budget,2026-04-01,Export,Distributor - Russia,EUR,Company 1,22025.11.06 QMS Detailed Budget v1.xlsx,2026B,,,,,0.0,0,group_2026b,Distributor - Russia,2026-03-26T10:51:21+00:00,0.0,1.0,0.0,2025.11.06
export_budget,2026-06-01,Export,Distributor - Russia,EUR,Company 1,22025.11.06 QMS Detailed Budget v1.xlsx,2026B,,,,,0.0,0,group_2026b,Distributor - Russia,2026-03-26T10:51:21+00:00,0.0,1.0,0.0,2025.11.06
export_budget,2026-07-01,Export,Distributor - Russia,EUR,Company 1,22025.11.06 QMS Detailed Budget v1.xlsx,2026B,,,,,0.0,0,group_2026b,Distributor - Russia,2026-03-26T10:51:21+00:00,0.0,1.0,0.0,2025.11.06
export_budget,2026-09-01,Export,Distributor - Russia,EUR,Company 1,22025.11.06 QMS Detailed Budget v1.xlsx,2026B,,,,,0.0,0,group_2026b,Distributor - Russia,2026-03-26T10:51:21+00:00,0.0,1.0,0.0,2025.11.06
export_budget,2026-10-01,Export,Distributor - Russia,EUR,Company 1,22025.11.06 QMS Detailed Budget v1.xlsx,2026B,,,,,0.0,0,group_2026b,Distributor - Russia,2026-03-26T10:51:21+00:00,0.0,1.0,0.0,2025.11.06
export_budget,2026-12-01,Export,Distributor - Russia,EUR,Company 1,22025.11.06 QMS Detailed Budget v1.xlsx,2026B,,,,,0.0,0,group_2026b,Distributor - Russia,2026-03-26T10:51:21+00:00,0.0,1.0,0.0,2025.11.06
export_budget,2026-01-01,Export,Distributor - New,EUR,Company 1,22025.11.06 QMS Detailed Budget v1.xlsx,2026B,,,,,0.0,0,group_2026b,Distributor - New,2026-03-26T10:51:21+00:00,0.0,1.0,0.0,2025.11.06
export_budget,2026-02-01,Export,Distributor - New,EUR,Company 1,22025.11.06 QMS Detailed Budget v1.xlsx,2026B,,,,,0.0,0,group_2026b,Distributor - New,2026-03-26T10:51:21+00:00,0.0,1.0,0.0,2025.11.06
export_budget,2026-03-01,Export,Distributor - New,EUR,Company 1,22025.11.06 QMS Detailed Budget v1.xlsx,2026B,,,,,0.0,0,group_2026b,Distributor - New,2026-03-26T10:51:21+00:00,0.0,1.0,0.0,2025.11.06
export_budget,2026-04-01,Export,Distributor - New,EUR,Company 1,22025.11.06 QMS Detailed Budget v1.xlsx,2026B,,,,,0.0,0,group_2026b,Distributor - New,2026-03-26T10:51:21+00:00,0.0,1.0,0.0,2025.11.06
export_budget,2026-05-01,Export,Distributor - New,EUR,Company 1,22025.11.06 QMS Detailed Budget v1.xlsx,2026B,,,,,0.0,0,group_2026b,Distributor - New,2026-03-26T10:51:21+00:00,0.0,1.0,0.0,2025.11.06
export_budget,2026-01-01,Export,Distributor - China,EUR,Company 2,22025.11.06 QMS Detailed Budget v1.xlsx,2026B,,,,,24.0,24,group_2026b,Distributor - China,2026-03-26T10:51:21+00:00,24.0,1.0,24.0,2025.11.06
export_budget,2026-02-01,Export,Distributor - China,EUR,Company 2,22025.11.06 QMS Detailed Budget v1.xlsx,2026B,,,,,24.0,24,group_2026b,Distributor - China,2026-03-26T10:51:21+00:00,24.0,1.0,24.0,2025.11.06
export_budget,2026-03-01,Export,Distributor - China,EUR,Company 2,22025.11.06 QMS Detailed Budget v1.xlsx,2026B,,,,,26.4,26,group_2026b,Distributor - China,2026-03-26T10:51:21+00:00,26.4,1.0,26.4,2025.11.06
export_budget,2026-04-01,Export,Distributor - China,EUR,Company 2,22025.11.06 QMS Detailed Budget v1.xlsx,2026B,,,,,34.4,34,group_2026b,Distributor - China,2026-03-26T10:51:21+00:00,34.4,1.0,34.4,2025.11.06
export_budget,2026-05-01,Export,Distributor - China,EUR,Company 2,22025.11.06 QMS Detailed Budget v1.xlsx,2026B,,,,,64.0,64,group_2026b,Distributor - China,2026-03-26T10:51:21+00:00,64.0,1.0,64.0,2025.11.06
export_budget,2026-06-01,Export,Distributor - China,EUR,Company 2,22025.11.06 QMS Detailed Budget v1.xlsx,2026B,,,,,48.0,48,group_2026b,Distributor - China,2026-03-26T10:51:21+00:00,48.0,1.0,48.0,2025.11.06
export_budget,2026-07-01,Export,Distributor - China,EUR,Company 2,22025.11.06 QMS Detailed Budget v1.xlsx,2026B,,,,,48.0,48,group_2026b,Distributor - China,2026-03-26T10:51:21+00:00,48.0,1.0,48.0,2025.11.06
export_budget,2026-08-01,Export,Distributor - China,EUR,Company 2,22025.11.06 QMS Detailed Budget v1.xlsx,2026B,,,,,48.0,48,group_2026b,Distributor - China,2026-03-26T10:51:21+00:00,48.0,1.0,48.0,2025.11.06
export_budget,2026-09-01,Export,Distributor - China,EUR,Company 2,22025.11.06 QMS Detailed Budget v1.xlsx,2026B,,,,,200.0,200,group_2026b,Distributor - China,2026-03-26T10:51:21+00:00,200.0,1.0,200.0,2025.11.06
export_budget,2026-10-01,Export,Distributor - China,EUR,Company 2,22025.11.06 QMS Detailed Budget v1.xlsx,2026B,,,,,120.0,120,group_2026b,Distributor - China,2026-03-26T10:51:21+00:00,120.0,1.0,120.0,2025.11.06
export_budget,2026-11-01,Export,Distributor - China,EUR,Company 2,22025.11.06 QMS Detailed Budget v1.xlsx,2026B,,,,,80.0,80,group_2026b,Distributor - China,2026-03-26T10:51:21+00:00,80.0,1.0,80.0,2025.11.06
export_budget,2026-12-01,Export,Distributor - China,EUR,Company 2,22025.11.06 QMS Detailed Budget v1.xlsx,2026B,,,,,80.0,80,group_2026b,Distributor - China,2026-03-26T10:51:21+00:00,80.0,1.0,80.0,2025.11.06
export_budget,2026-01-01,Export,Distributor - Middle East,EUR,Company 2,22025.11.06 QMS Detailed Budget v1.xlsx,2026B,,,,,18.0,18,group_2026b,Distributor - Middle East,2026-03-26T10:51:21+00:00,18.0,1.0,18.0,2025.11.06
export_budget,2026-02-01,Export,Distributor - Middle East,EUR,Company 2,22025.11.06 QMS Detailed Budget v1.xlsx,2026B,,,,,18.0,18,group_2026b,Distributor - Middle East,2026-03-26T10:51:21+00:00,18.0,1.0,18.0,2025.11.06
export_budget,2026-03-01,Export,Distributor - Middle East,EUR,Company 2,22025.11.06 QMS Detailed Budget v1.xlsx,2026B,,,,,18.0,18,group_2026b,Distributor - Middle East,2026-03-26T10:51:21+00:00,18.0,1.0,18.0,2025.11.06
export_budget,2026-04-01,Export,Distributor - Middle East,EUR,Company 2,22025.11.06 QMS Detailed Budget v1.xlsx,2026B,,,,,18.0,18,group_2026b,Distributor - Middle East,2026-03-26T10:51:21+00:00,18.0,1.0,18.0,2025.11.06
export_budget,2026-05-01,Export,Distributor - Middle East,EUR,Company 2,22025.11.06 QMS Detailed Budget v1.xlsx,2026B,,,,,12.0,12,group_2026b,Distributor - Middle East,2026-03-26T10:51:21+00:00,12.0,1.0,12.0,2025.11.06
export_budget,2026-06-01,Export,Distributor - Middle East,EUR,Company 2,22025.11.06 QMS Detailed Budget v1.xlsx,2026B,,,,,20.0,20,group_2026b,Distributor - Middle East,2026-03-26T10:51:21+00:00,20.0,1.0,20.0,2025.11.06
export_budget,2026-07-01,Export,Distributor - Middle East,EUR,Company 2,22025.11.06 QMS Detailed Budget v1.xlsx,2026B,,,,,8.0,8,group_2026b,Distributor - Middle East,2026-03-26T10:51:21+00:00,8.0,1.0,8.0,2025.11.06
export_budget,2026-08-01,Export,Distributor - Middle East,EUR,Company 2,22025.11.06 QMS Detailed Budget v1.xlsx,2026B,,,,,8.0,8,group_2026b,Distributor - Middle East,2026-03-26T10:51:21+00:00,8.0,1.0,8.0,2025.11.06
export_budget,2026-09-01,Export,Distributor - Middle East,EUR,Company 2,22025.11.06 QMS Detailed Budget v1.xlsx,2026B,,,,,16.0,16,group_2026b,Distributor - Middle East,2026-03-26T10:51:21+00:00,16.0,1.0,16.0,2025.11.06
export_budget,2026-10-01,Export,Distributor - Middle East,EUR,Company 2,22025.11.06 QMS Detailed Budget v1.xlsx,2026B,,,,,24.0,24,group_2026b,Distributor - Middle East,2026-03-26T10:51:21+00:00,24.0,1.0,24.0,2025.11.06
export_budget,2026-11-01,Export,Distributor - Middle East,EUR,Company 2,22025.11.06 QMS Detailed Budget v1.xlsx,2026B,,,,,20.0,20,group_2026b,Distributor - Middle East,2026-03-26T10:51:21+00:00,20.0,1.0,20.0,2025.11.06
export_budget,2026-12-01,Export,Distributor - Middle East,EUR,Company 2,22025.11.06 QMS Detailed Budget v1.xlsx,2026B,,,,,20.0,20,group_2026b,Distributor - Middle East,2026-03-26T10:51:21+00:00,20.0,1.0,20.0,2025.11.06
export_budget,2026-01-01,Export,Distributor - APAC,EUR,Company 2,22025.11.06 QMS Detailed Budget v1.xlsx,2026B,,,,,0.0,0,group_2026b,Distributor - APAC,2026-03-26T10:51:21+00:00,0.0,1.0,0.0,2025.11.06
export_budget,2026-02-01,Export,Distributor - APAC,EUR,Company 2,22025.11.06 QMS Detailed Budget v1.xlsx,2026B,,,,,0.0,0,group_2026b,Distributor - APAC,2026-03-26T10:51:21+00:00,0.0,1.0,0.0,2025.11.06
export_budget,2026-03-01,Export,Distributor - APAC,EUR,Company 2,22025.11.06 QMS Detailed Budget v1.xlsx,2026B,,,,,0.0,0,group_2026b,Distributor - APAC,2026-03-26T10:51:21+00:00,0.0,1.0,0.0,2025.11.06
export_budget,2026-04-01,Export,Distributor - APAC,EUR,Company 2,22025.11.06 QMS Detailed Budget v1.xlsx,2026B,,,,,0.0,0,group_2026b,Distributor - APAC,2026-03-26T10:51:21+00:00,0.0,1.0,0.0,2025.11.06
export_budget,2026-05-01,Export,Distributor - APAC,EUR,Company 2,22025.11.06 QMS Detailed Budget v1.xlsx,2026B,,,,,0.0,0,group_2026b,Distributor - APAC,2026-03-26T10:51:21+00:00,0.0,1.0,0.0,2025.11.06
export_budget,2026-06-01,Export,Distributor - APAC,EUR,Company 2,22025.11.06 QMS Detailed Budget v1.xlsx,2026B,,,,,14.5,15,group_2026b,Distributor - APAC,2026-03-26T10:51:21+00:00,14.5,1.0,14.5,2025.11.06
export_budget,2026-07-01,Export,Distributor - APAC,EUR,Company 2,22025.11.06 QMS Detailed Budget v1.xlsx,2026B,,,,,14.5,15,group_2026b,Distributor - APAC,2026-03-26T10:51:21+00:00,14.5,1.0,14.5,2025.11.06
export_budget,2026-08-01,Export,Distributor - APAC,EUR,Company 2,22025.11.06 QMS Detailed Budget v1.xlsx,2026B,,,,,14.5,15,group_2026b,Distributor - APAC,2026-03-26T10:51:21+00:00,14.5,1.0,14.5,2025.11.06
export_budget,2026-09-01,Export,Distributor - APAC,EUR,Company 2,22025.11.06 QMS Detailed Budget v1.xlsx,2026B,,,,,21.75,22,group_2026b,Distributor - APAC,2026-03-26T10:51:21+00:00,21.75,1.0,21.75,2025.11.06
export_budget,2026-10-01,Export,Distributor - APAC,EUR,Company 2,22025.11.06 QMS Detailed Budget v1.xlsx,2026B,,,,,21.75,22,group_2026b,Distributor - APAC,2026-03-26T10:51:21+00:00,21.75,1.0,21.75,2025.11.06
export_budget,2026-11-01,Export,Distributor - APAC,EUR,Company 2,22025.11.06 QMS Detailed Budget v1.xlsx,2026B,,,,,29.0,29,group_2026b,Distributor - APAC,2026-03-26T10:51:21+00:00,29.0,1.0,29.0,2025.11.06
export_budget,2026-12-01,Export,Distributor - APAC,EUR,Company 2,22025.11.06 QMS Detailed Budget v1.xlsx,2026B,,,,,29.0,29,group_2026b,Distributor - APAC,2026-03-26T10:51:21+00:00,29.0,1.0,29.0,2025.11.06
