market_group,region,canonical_customer_code,budget_native,budget_eur_compare,actual_native,actual_rows,has_budget,has_actual,match_status,actual_cutoff_date
Core Markets,Benelux,-25,0.0,0.0,0.0,0,0,0,actual_only,2026-03-20
Core Markets,Benelux,-26,8000.0,8000.0,0.0,0,1,0,budget_only,2026-03-20
Core Markets,Benelux,20916,0.0,0.0,2450.0,1,0,1,actual_only,2026-03-20
Core Markets,Benelux,23000,2705.07342,2705.07342,0.0,0,1,0,budget_only,2026-03-20
Core Markets,Benelux,23001,10357.471600000004,10357.471600000004,0.0,0,1,0,budget_only,2026-03-20
Core Markets,Benelux,23002,153.3752,153.3752,0.0,0,1,0,budget_only,2026-03-20
Core Markets,Benelux,23003,500.0,500.0,0.0,0,1,0,budget_only,2026-03-20
Core Markets,Benelux,23005,5175.123800000001,5175.123800000001,0.0,0,1,0,budget_only,2026-03-20
Core Markets,Benelux,23006,2607.586300000001,2607.586300000001,0.0,0,1,0,budget_only,2026-03-20
Core Markets,Benelux,23007,5510.545700000002,5510.545700000002,0.0,0,1,0,budget_only,2026-03-20
Core Markets,Benelux,23008,160.0,160.0,0.0,0,1,0,budget_only,2026-03-20
Core Markets,Benelux,23009,28168.520400000005,28168.520400000005,0.0,0,1,0,budget_only,2026-03-20
Core Markets,Benelux,23010,1436.7660400000004,1436.7660400000004,0.0,0,1,0,budget_only,2026-03-20
Core Markets,Benelux,23011,5568.09,5568.09,0.0,0,1,0,budget_only,2026-03-20
Core Markets,Benelux,23012,1568.8823999999995,1568.8823999999995,0.0,0,1,0,budget_only,2026-03-20
Core Markets,Benelux,23013,1704.0188000000005,1704.0188000000005,0.0,0,1,0,budget_only,2026-03-20
Core Markets,Benelux,23014,1699.32692,1699.32692,0.0,0,1,0,budget_only,2026-03-20
Core Markets,Benelux,23015,1395.2521000000004,1395.2521000000004,0.0,0,1,0,budget_only,2026-03-20
Core Markets,Benelux,23018,177.22517000000002,177.22517000000002,0.0,0,1,0,budget_only,2026-03-20
Core Markets,Benelux,23020,2679.1600000000003,2679.1600000000003,0.0,0,1,0,budget_only,2026-03-20
Core Markets,Benelux,23024,1169.9820000000002,1169.9820000000002,0.0,0,1,0,budget_only,2026-03-20
Core Markets,Benelux,23029,2884.4684,2884.4684,0.0,0,1,0,budget_only,2026-03-20
Core Markets,Benelux,23031,1837.8459,1837.8459,0.0,0,1,0,budget_only,2026-03-20
Core Markets,Benelux,23035,4037.9658,4037.9658,0.0,0,1,0,budget_only,2026-03-20
Core Markets,Benelux,23037,874.3020000000001,874.3020000000001,0.0,0,1,0,budget_only,2026-03-20
Core Markets,Benelux,23038,3822.83287,3822.83287,0.0,0,1,0,budget_only,2026-03-20
Core Markets,Benelux,23040,470.0,470.0,0.0,0,1,0,budget_only,2026-03-20
Core Markets,Benelux,23041,750.0,750.0,0.0,0,1,0,budget_only,2026-03-20
Core Markets,Benelux,23043,2346.05632,2346.05632,0.0,0,1,0,budget_only,2026-03-20
Core Markets,Benelux,23047,2757.0664000000006,2757.0664000000006,0.0,0,1,0,budget_only,2026-03-20
Core Markets,Benelux,23048,0.0,0.0,0.0,0,0,0,actual_only,2026-03-20
Core Markets,Benelux,23049,3370.0799,3370.0799,0.0,0,1,0,budget_only,2026-03-20
Core Markets,Benelux,23051,3779.1600000000008,3779.1600000000008,0.0,0,1,0,budget_only,2026-03-20
Core Markets,Benelux,23056,5524.09,5524.09,0.0,0,1,0,budget_only,2026-03-20
Core Markets,Benelux,23058,5505.282200000001,5505.282200000001,0.0,0,1,0,budget_only,2026-03-20
Core Markets,Benelux,23061,4988.159,4988.159,0.0,0,1,0,budget_only,2026-03-20
Core Markets,Benelux,23062,0.0,0.0,0.0,0,0,0,actual_only,2026-03-20
Core Markets,Benelux,23063,602.3083000000001,602.3083000000001,0.0,0,1,0,budget_only,2026-03-20
Core Markets,Benelux,23064,4718.422500000001,4718.422500000001,0.0,0,1,0,budget_only,2026-03-20
Core Markets,Benelux,23067,0.0,0.0,0.0,0,0,0,actual_only,2026-03-20
Core Markets,Benelux,23068,0.0,0.0,0.0,0,0,0,actual_only,2026-03-20
Core Markets,Benelux,23069,2228.3327000000004,2228.3327000000004,0.0,0,1,0,budget_only,2026-03-20
Core Markets,Benelux,23078,1121.7030000000002,1121.7030000000002,0.0,0,1,0,budget_only,2026-03-20
Core Markets,Benelux,23080,2488.699400000001,2488.699400000001,0.0,0,1,0,budget_only,2026-03-20
Core Markets,Benelux,23082,1401.6721800000005,1401.6721800000005,0.0,0,1,0,budget_only,2026-03-20
Core Markets,Benelux,23083,0.0,0.0,0.0,0,0,0,actual_only,2026-03-20
Core Markets,Benelux,23084,2269.8192000000004,2269.8192000000004,0.0,0,1,0,budget_only,2026-03-20
Core Markets,Benelux,23085,1361.4436,1361.4436,0.0,0,1,0,budget_only,2026-03-20
Core Markets,Benelux,23086,1733.3422200000002,1733.3422200000002,0.0,0,1,0,budget_only,2026-03-20
Core Markets,Benelux,23087,560.7459,560.7459,0.0,0,1,0,budget_only,2026-03-20
Core Markets,Benelux,23088,6854.3200000000015,6854.3200000000015,0.0,0,1,0,budget_only,2026-03-20
Core Markets,Benelux,23090,0.0,0.0,1140.24,8,0,1,actual_only,2026-03-20
Core Markets,Benelux,23093,320.0,320.0,0.0,0,1,0,budget_only,2026-03-20
Core Markets,Benelux,23095,100.0,100.0,0.0,0,1,0,budget_only,2026-03-20
Core Markets,Benelux,23096,0.0,0.0,0.0,0,0,0,actual_only,2026-03-20
Core Markets,Benelux,23097,580.8024200000001,580.8024200000001,0.0,0,1,0,budget_only,2026-03-20
Core Markets,Benelux,23099,100.0,100.0,0.0,0,1,0,budget_only,2026-03-20
Core Markets,Benelux,23103,0.0,0.0,0.0,0,0,0,actual_only,2026-03-20
Core Markets,Benelux,23104,1479.17,1479.17,0.0,0,1,0,budget_only,2026-03-20
Core Markets,Benelux,23106,483.82400000000007,483.82400000000007,0.0,0,1,0,budget_only,2026-03-20
Core Markets,Benelux,23107,4037.254099999999,4037.254099999999,0.0,0,1,0,budget_only,2026-03-20
Core Markets,Benelux,23110,0.0,0.0,0.0,0,0,0,actual_only,2026-03-20
Core Markets,Benelux,23111,4677.880900000001,4677.880900000001,0.0,0,1,0,budget_only,2026-03-20
Core Markets,Benelux,23112,450.0,450.0,0.0,0,1,0,budget_only,2026-03-20
Core Markets,Benelux,23115,750.0,750.0,0.0,0,1,0,budget_only,2026-03-20
Core Markets,Benelux,23116,1500.0,1500.0,0.0,0,1,0,budget_only,2026-03-20
Core Markets,Benelux,23117,350.0,350.0,0.0,0,1,0,budget_only,2026-03-20
Core Markets,Benelux,23118,1000.0,1000.0,0.0,0,1,0,budget_only,2026-03-20
Core Markets,Benelux,23119,1000.0,1000.0,0.0,0,1,0,budget_only,2026-03-20
Core Markets,Benelux,23120,2000.0,2000.0,0.0,0,1,0,budget_only,2026-03-20
Core Markets,Benelux,23121,1500.0,1500.0,0.0,0,1,0,budget_only,2026-03-20
Core Markets,Benelux,23122,1500.0,1500.0,0.0,0,1,0,budget_only,2026-03-20
Core Markets,Benelux,24000,5272.945020000001,5272.945020000001,0.0,0,1,0,budget_only,2026-03-20
Core Markets,Benelux,24002,2186.50541,2186.50541,0.0,0,1,0,budget_only,2026-03-20
Core Markets,Benelux,24003,50.0,50.0,0.0,0,1,0,budget_only,2026-03-20
Core Markets,Benelux,24007,2003.6285,2003.6285,0.0,0,1,0,budget_only,2026-03-20
Core Markets,Benelux,24009,4601.3349100000005,4601.3349100000005,0.0,0,1,0,budget_only,2026-03-20
Core Markets,Benelux,24013,708.8814200000002,708.8814200000002,0.0,0,1,0,budget_only,2026-03-20
Core Markets,Benelux,24014,1583.2287100000003,1583.2287100000003,0.0,0,1,0,budget_only,2026-03-20
Core Markets,Benelux,24016,0.0,0.0,0.0,0,0,0,actual_only,2026-03-20
Core Markets,Benelux,24017,648.58371,648.58371,0.0,0,1,0,budget_only,2026-03-20
Core Markets,Benelux,24022,1188.78498,1188.78498,0.0,0,1,0,budget_only,2026-03-20
Core Markets,Benelux,24025,0.0,0.0,0.0,0,0,0,actual_only,2026-03-20
Core Markets,Benelux,24027,4815.234330000001,4815.234330000001,0.0,0,1,0,budget_only,2026-03-20
Core Markets,Benelux,24028,1009.56319,1009.56319,0.0,0,1,0,budget_only,2026-03-20
Core Markets,Benelux,24029,367.79538,367.79538,0.0,0,1,0,budget_only,2026-03-20
Core Markets,Benelux,24031,982.8763200000002,982.8763200000002,0.0,0,1,0,budget_only,2026-03-20
Core Markets,Benelux,24032,755.7549100000001,755.7549100000001,0.0,0,1,0,budget_only,2026-03-20
Core Markets,Benelux,24033,1029.48017,1029.48017,0.0,0,1,0,budget_only,2026-03-20
Core Markets,Benelux,24034,6534.413600000001,6534.413600000001,0.0,0,1,0,budget_only,2026-03-20
Core Markets,Benelux,26004,0.0,0.0,964.4100000000001,16,0,1,actual_only,2026-03-20
Core Markets,Benelux,26016,0.0,0.0,801.4399999999999,9,0,1,actual_only,2026-03-20
Core Markets,Benelux,36039,0.0,0.0,0.0,6,0,0,actual_only,2026-03-20
Core Markets,France,-25,0.0,0.0,0.0,0,0,0,actual_only,2026-03-20
Core Markets,France,-26,9000.0,9000.0,0.0,0,1,0,budget_only,2026-03-20
Core Markets,France,23003,0.0,0.0,335.21999999999997,10,0,1,actual_only,2026-03-20
Core Markets,France,23005,0.0,0.0,2135.32,34,0,1,actual_only,2026-03-20
Core Markets,France,23006,0.0,0.0,1411.1499999999999,14,0,1,actual_only,2026-03-20
Core Markets,France,23011,0.0,0.0,3330.4,40,0,1,actual_only,2026-03-20
Core Markets,France,23020,0.0,0.0,1114.78,16,0,1,actual_only,2026-03-20
Core Markets,France,23029,0.0,0.0,1659.54,33,0,1,actual_only,2026-03-20
Core Markets,France,23031,0.0,0.0,1162.72,12,0,1,actual_only,2026-03-20
Core Markets,France,23035,0.0,0.0,2606.74,41,0,1,actual_only,2026-03-20
Core Markets,France,23049,0.0,0.0,537.54,6,0,1,actual_only,2026-03-20
Core Markets,France,23056,0.0,0.0,-220.68,1,0,1,actual_only,2026-03-20
Core Markets,France,23058,0.0,0.0,3144.58,35,0,1,actual_only,2026-03-20
Core Markets,France,23061,0.0,0.0,3263.09,29,0,1,actual_only,2026-03-20
Core Markets,France,23063,0.0,0.0,511.03999999999996,6,0,1,actual_only,2026-03-20
Core Markets,France,23064,0.0,0.0,-541.54,2,0,1,actual_only,2026-03-20
Core Markets,France,23080,0.0,0.0,1144.65,26,0,1,actual_only,2026-03-20
Core Markets,France,23084,0.0,0.0,1146.59,10,0,1,actual_only,2026-03-20
Core Markets,France,23087,0.0,0.0,1482.18,24,0,1,actual_only,2026-03-20
Core Markets,France,23088,0.0,0.0,2704.83,40,0,1,actual_only,2026-03-20
Core Markets,France,23107,0.0,0.0,2222.07,27,0,1,actual_only,2026-03-20
Core Markets,France,23111,0.0,0.0,2041.46,32,0,1,actual_only,2026-03-20
Core Markets,France,23115,0.0,0.0,344.82,8,0,1,actual_only,2026-03-20
Core Markets,France,27000,2000.0,2000.0,0.0,0,1,0,budget_only,2026-03-20
Core Markets,France,27001,0.0,0.0,0.0,0,0,0,actual_only,2026-03-20
Core Markets,France,27002,1000.0,1000.0,0.0,0,1,0,budget_only,2026-03-20
Core Markets,France,27015,800.0,800.0,0.0,0,1,0,budget_only,2026-03-20
Core Markets,France,27044,1000.0,1000.0,0.0,0,1,0,budget_only,2026-03-20
Core Markets,France,27045,1500.0,1500.0,0.0,0,1,0,budget_only,2026-03-20
Core Markets,France,27046,200.0,200.0,0.0,0,1,0,budget_only,2026-03-20
Core Markets,France,27047,1000.0,1000.0,0.0,0,1,0,budget_only,2026-03-20
Core Markets,France,30670,0.0,0.0,0.0,10,0,0,actual_only,2026-03-20
Core Markets,Germany,-25,0.0,0.0,0.0,0,0,0,actual_only,2026-03-20
Core Markets,Germany,-26,24000.0,24000.0,0.0,0,1,0,budget_only,2026-03-20
Core Markets,Germany,20001,80.0,80.0,0.0,0,1,0,budget_only,2026-03-20
Core Markets,Germany,20004,350.0,350.0,551.9,8,1,1,both,2026-03-20
Core Markets,Germany,20005,1869.7024800000004,1869.7024800000004,634.38,14,1,1,both,2026-03-20
Core Markets,Germany,20007,400.0,400.0,448.46000000000004,10,1,1,both,2026-03-20
Core Markets,Germany,20009,2968.9794,2968.9794,0.0,0,1,0,budget_only,2026-03-20
Core Markets,Germany,20018,4789.4174,4789.4174,3676.32,68,1,1,both,2026-03-20
Core Markets,Germany,20022,2024.1749400000008,2024.1749400000008,0.0,0,1,0,budget_only,2026-03-20
Core Markets,Germany,20024,2886.45336,2886.45336,0.0,0,1,0,budget_only,2026-03-20
Core Markets,Germany,20035,775.17694,775.17694,0.0,0,1,0,budget_only,2026-03-20
Core Markets,Germany,20069,2338.7257,2338.7257,0.0,0,1,0,budget_only,2026-03-20
Core Markets,Germany,20070,3764.378,3764.378,0.0,0,1,0,budget_only,2026-03-20
Core Markets,Germany,20073,150.0,150.0,0.0,0,1,0,budget_only,2026-03-20
Core Markets,Germany,20079,180.0,180.0,0.0,0,1,0,budget_only,2026-03-20
Core Markets,Germany,20080,646.0710600000001,646.0710600000001,0.0,0,1,0,budget_only,2026-03-20
Core Markets,Germany,20093,632.8681200000001,632.8681200000001,372.59,8,1,1,both,2026-03-20
Core Markets,Germany,20097,2916.1394800000003,2916.1394800000003,0.0,2,1,0,budget_only,2026-03-20
Core Markets,Germany,20106,2053.37916,2053.37916,0.0,0,1,0,budget_only,2026-03-20
Core Markets,Germany,20108,1277.8999300000005,1277.8999300000005,716.51,19,1,1,both,2026-03-20
Core Markets,Germany,20129,883.7845400000001,883.7845400000001,0.0,0,1,0,budget_only,2026-03-20
Core Markets,Germany,20130,1114.66314,1114.66314,0.0,0,1,0,budget_only,2026-03-20
Core Markets,Germany,20132,4803.865920000001,4803.865920000001,2876.39,45,1,1,both,2026-03-20
Core Markets,Germany,20134,150.0,150.0,0.0,0,1,0,budget_only,2026-03-20
Core Markets,Germany,20136,100.0,100.0,0.0,0,1,0,budget_only,2026-03-20
Core Markets,Germany,20142,6270.28902,6270.28902,0.0,0,1,0,budget_only,2026-03-20
Core Markets,Germany,20145,800.0,800.0,1084.24,32,1,1,both,2026-03-20
Core Markets,Germany,20147,5115.2741000000005,5115.2741000000005,0.0,0,1,0,budget_only,2026-03-20
Core Markets,Germany,20148,7465.476670000001,7465.476670000001,0.0,4,1,0,budget_only,2026-03-20
Core Markets,Germany,20161,1698.0267600000004,1698.0267600000004,0.0,0,1,0,budget_only,2026-03-20
Core Markets,Germany,20163,2177.4403700000003,2177.4403700000003,844.34,11,1,1,both,2026-03-20
Core Markets,Germany,20169,1731.3361200000004,1731.3361200000004,0.0,0,1,0,budget_only,2026-03-20
Core Markets,Germany,20171,1037.45772,1037.45772,806.48,14,1,1,both,2026-03-20
Core Markets,Germany,20172,2049.8557100000007,2049.8557100000007,1172.97,16,1,1,both,2026-03-20
Core Markets,Germany,20173,1532.89487,1532.89487,374.23,17,1,1,both,2026-03-20
Core Markets,Germany,20188,480.24678000000006,480.24678000000006,0.0,0,1,0,budget_only,2026-03-20
Core Markets,Germany,20198,454.39338,454.39338,0.0,0,1,0,budget_only,2026-03-20
Core Markets,Germany,20201,633.10726,633.10726,0.0,0,1,0,budget_only,2026-03-20
Core Markets,Germany,20206,6444.1124500000005,6444.1124500000005,1445.21,20,1,1,both,2026-03-20
Core Markets,Germany,20227,250.0,250.0,1023.56,26,1,1,both,2026-03-20
Core Markets,Germany,20232,541.41938,541.41938,0.0,0,1,0,budget_only,2026-03-20
Core Markets,Germany,20245,21998.46915,21998.46915,0.0,0,1,0,budget_only,2026-03-20
Core Markets,Germany,20251,772.1406000000002,772.1406000000002,289.1,5,1,1,both,2026-03-20
Core Markets,Germany,20253,201.79476,201.79476,0.0,0,1,0,budget_only,2026-03-20
Core Markets,Germany,20255,2818.80108,2818.80108,0.0,0,1,0,budget_only,2026-03-20
Core Markets,Germany,20263,4365.89318,4365.89318,3098.78,53,1,1,both,2026-03-20
Core Markets,Germany,20266,6531.94447,6531.94447,83.8,1,1,1,both,2026-03-20
Core Markets,Germany,20269,393.21018,393.21018,0.0,0,1,0,budget_only,2026-03-20
Core Markets,Germany,20270,754.30548,754.30548,0.0,0,1,0,budget_only,2026-03-20
Core Markets,Germany,20276,412.20644,412.20644,0.0,0,1,0,budget_only,2026-03-20
Core Markets,Germany,20295,2868.68436,2868.68436,0.0,0,1,0,budget_only,2026-03-20
Core Markets,Germany,20300,130.0,130.0,487.38,12,1,1,both,2026-03-20
Core Markets,Germany,20301,220.0,220.0,518.98,14,1,1,both,2026-03-20
Core Markets,Germany,20309,1826.6375800000003,1826.6375800000003,0.0,0,1,0,budget_only,2026-03-20
Core Markets,Germany,20312,1352.6766000000002,1352.6766000000002,0.0,0,1,0,budget_only,2026-03-20
Core Markets,Germany,20313,1149.3212400000002,1149.3212400000002,918.54,23,1,1,both,2026-03-20
Core Markets,Germany,20317,2032.5955800000008,2032.5955800000008,0.0,0,1,0,budget_only,2026-03-20
Core Markets,Germany,20331,781.7245600000001,781.7245600000001,0.0,0,1,0,budget_only,2026-03-20
Core Markets,Germany,20332,425.96312,425.96312,0.0,0,1,0,budget_only,2026-03-20
Core Markets,Germany,20333,510.0,510.0,2177.94,38,1,1,both,2026-03-20
Core Markets,Germany,20334,3588.43068,3588.43068,645.9200000000001,20,1,1,both,2026-03-20
Core Markets,Germany,20340,1683.4128100000005,1683.4128100000005,0.0,0,1,0,budget_only,2026-03-20
Core Markets,Germany,20345,6150.98708,6150.98708,0.0,0,1,0,budget_only,2026-03-20
Core Markets,Germany,20346,1291.90248,1291.90248,0.0,0,1,0,budget_only,2026-03-20
Core Markets,Germany,20347,828.1677599999999,828.1677599999999,0.0,0,1,0,budget_only,2026-03-20
Core Markets,Germany,20349,1301.19918,1301.19918,877.65,22,1,1,both,2026-03-20
Core Markets,Germany,20351,105.96714,105.96714,0.0,0,1,0,budget_only,2026-03-20
Core Markets,Germany,20353,90.0,90.0,0.0,0,1,0,budget_only,2026-03-20
Core Markets,Germany,20364,390.0,390.0,0.0,0,1,0,budget_only,2026-03-20
Core Markets,Germany,20370,3309.8662800000006,3309.8662800000006,0.0,0,1,0,budget_only,2026-03-20
Core Markets,Germany,20371,740.15878,740.15878,0.0,0,1,0,budget_only,2026-03-20
Core Markets,Germany,20376,797.7684600000001,797.7684600000001,613.45,9,1,1,both,2026-03-20
Core Markets,Germany,20386,290.0,290.0,0.0,0,1,0,budget_only,2026-03-20
Core Markets,Germany,20395,4074.35994,4074.35994,648.9300000000001,40,1,1,both,2026-03-20
Core Markets,Germany,20413,440.0,440.0,0.0,0,1,0,budget_only,2026-03-20
Core Markets,Germany,20414,1293.3528700000002,1293.3528700000002,0.0,0,1,0,budget_only,2026-03-20
Core Markets,Germany,20417,734.27038,734.27038,0.0,0,1,0,budget_only,2026-03-20
Core Markets,Germany,20433,3000.85673,3000.85673,466.62,5,1,1,both,2026-03-20
Core Markets,Germany,20434,2792.8615000000004,2792.8615000000004,0.0,0,1,0,budget_only,2026-03-20
Core Markets,Germany,20441,787.4193600000001,787.4193600000001,889.83,17,1,1,both,2026-03-20
Core Markets,Germany,20444,490.0,490.0,0.0,0,1,0,budget_only,2026-03-20
Core Markets,Germany,20445,3819.08148,3819.08148,187.73,5,1,1,both,2026-03-20
Core Markets,Germany,20448,2151.56991,2151.56991,0.0,0,1,0,budget_only,2026-03-20
Core Markets,Germany,20454,1312.6406900000002,1312.6406900000002,406.58000000000004,14,1,1,both,2026-03-20
Core Markets,Germany,20472,456.4519,456.4519,0.0,0,1,0,budget_only,2026-03-20
Core Markets,Germany,20475,55.864700000000006,55.864700000000006,0.0,0,1,0,budget_only,2026-03-20
Core Markets,Germany,20503,70.0,70.0,0.0,0,1,0,budget_only,2026-03-20
Core Markets,Germany,20505,210.0,210.0,0.0,0,1,0,budget_only,2026-03-20
Core Markets,Germany,20507,1481.9749200000003,1481.9749200000003,0.0,0,1,0,budget_only,2026-03-20
Core Markets,Germany,20509,2713.6328600000006,2713.6328600000006,0.0,0,1,0,budget_only,2026-03-20
Core Markets,Germany,20511,524.91456,524.91456,774.45,15,1,1,both,2026-03-20
Core Markets,Germany,20513,130.0,130.0,0.0,0,1,0,budget_only,2026-03-20
Core Markets,Germany,20517,400.0,400.0,0.0,0,1,0,budget_only,2026-03-20
Core Markets,Germany,20519,2053.03792,2053.03792,1002.07,19,1,1,both,2026-03-20
Core Markets,Germany,20529,210.0,210.0,0.0,0,1,0,budget_only,2026-03-20
Core Markets,Germany,20533,704.3868000000002,704.3868000000002,0.0,0,1,0,budget_only,2026-03-20
Core Markets,Germany,20536,2076.73304,2076.73304,275.68,4,1,1,both,2026-03-20
Core Markets,Germany,20539,80.0,80.0,829.74,26,1,1,both,2026-03-20
Core Markets,Germany,20556,200.0,200.0,0.0,0,1,0,budget_only,2026-03-20
Core Markets,Germany,20568,490.0,490.0,652.74,16,1,1,both,2026-03-20
Core Markets,Germany,20570,1112.9671400000004,1112.9671400000004,0.0,0,1,0,budget_only,2026-03-20
Core Markets,Germany,20573,1994.78008,1994.78008,0.0,0,1,0,budget_only,2026-03-20
Core Markets,Germany,20576,1243.31967,1243.31967,-343.07,1,1,1,both,2026-03-20
Core Markets,Germany,20577,340.0,340.0,0.0,0,1,0,budget_only,2026-03-20
Core Markets,Germany,20590,1286.98319,1286.98319,0.0,0,1,0,budget_only,2026-03-20
Core Markets,Germany,20592,70.0,70.0,0.0,0,1,0,budget_only,2026-03-20
Core Markets,Germany,20598,7582.508990000001,7582.508990000001,2401.33,28,1,1,both,2026-03-20
Core Markets,Germany,20601,9924.3648,9924.3648,0.0,0,1,0,budget_only,2026-03-20
Core Markets,Germany,20613,3710.6285800000014,3710.6285800000014,0.0,0,1,0,budget_only,2026-03-20
Core Markets,Germany,20615,5090.644700000001,5090.644700000001,0.0,0,1,0,budget_only,2026-03-20
Core Markets,Germany,20619,787.5005,787.5005,0.0,0,1,0,budget_only,2026-03-20
Core Markets,Germany,20635,600.18366,600.18366,0.0,0,1,0,budget_only,2026-03-20
Core Markets,Germany,20636,210.0,210.0,0.0,0,1,0,budget_only,2026-03-20
Core Markets,Germany,20645,661.99405,661.99405,0.0,0,1,0,budget_only,2026-03-20
Core Markets,Germany,20646,1102.24524,1102.24524,0.0,0,1,0,budget_only,2026-03-20
Core Markets,Germany,20653,150.0,150.0,0.0,0,1,0,budget_only,2026-03-20
Core Markets,Germany,20668,2373.5030400000005,2373.5030400000005,1030.22,23,1,1,both,2026-03-20
Core Markets,Germany,20670,70.0,70.0,0.0,0,1,0,budget_only,2026-03-20
Core Markets,Germany,20672,30.0,30.0,0.0,0,1,0,budget_only,2026-03-20
Core Markets,Germany,20674,9705.19935,9705.19935,6591.6900000000005,55,1,1,both,2026-03-20
Core Markets,Germany,20679,3151.850640000001,3151.850640000001,0.0,0,1,0,budget_only,2026-03-20
Core Markets,Germany,20688,210.0,210.0,0.0,0,1,0,budget_only,2026-03-20
Core Markets,Germany,20693,759.7823900000002,759.7823900000002,413.71000000000004,15,1,1,both,2026-03-20
Core Markets,Germany,20696,1006.19055,1006.19055,243.45,9,1,1,both,2026-03-20
Core Markets,Germany,20697,1372.2890400000003,1372.2890400000003,-94.06,1,1,1,both,2026-03-20
Core Markets,Germany,20699,370.0,370.0,0.0,0,1,0,budget_only,2026-03-20
Core Markets,Germany,20700,2654.306200000001,2654.306200000001,0.0,0,1,0,budget_only,2026-03-20
Core Markets,Germany,20710,2794.2776600000007,2794.2776600000007,0.0,0,1,0,budget_only,2026-03-20
Core Markets,Germany,20714,390.0,390.0,0.0,0,1,0,budget_only,2026-03-20
Core Markets,Germany,20724,606.38436,606.38436,0.0,0,1,0,budget_only,2026-03-20
Core Markets,Germany,20725,1584.91399,1584.91399,0.0,0,1,0,budget_only,2026-03-20
Core Markets,Germany,20731,24044.800500000005,24044.800500000005,0.0,0,1,0,budget_only,2026-03-20
Core Markets,Germany,20736,1239.40818,1239.40818,0.0,0,1,0,budget_only,2026-03-20
Core Markets,Germany,20743,110.0,110.0,498.0,14,1,1,both,2026-03-20
Core Markets,Germany,20744,1273.1737700000003,1273.1737700000003,0.0,0,1,0,budget_only,2026-03-20
Core Markets,Germany,20745,4312.792290000001,4312.792290000001,140.79,7,1,1,both,2026-03-20
Core Markets,Germany,20746,1007.3214,1007.3214,0.0,0,1,0,budget_only,2026-03-20
Core Markets,Germany,20750,591.94326,591.94326,268.64,6,1,1,both,2026-03-20
Core Markets,Germany,20759,765.4020300000001,765.4020300000001,0.0,0,1,0,budget_only,2026-03-20
Core Markets,Germany,20762,20.0,20.0,0.0,0,1,0,budget_only,2026-03-20
Core Markets,Germany,20765,1711.2916900000005,1711.2916900000005,1197.29,58,1,1,both,2026-03-20
Core Markets,Germany,20767,1998.92478,1998.92478,1471.3899999999999,13,1,1,both,2026-03-20
Core Markets,Germany,20768,3496.7354400000004,3496.7354400000004,0.0,0,1,0,budget_only,2026-03-20
Core Markets,Germany,20772,15357.080870000003,15357.080870000003,-10881.39,16,1,1,both,2026-03-20
Core Markets,Germany,20774,260.0,260.0,0.0,0,1,0,budget_only,2026-03-20
Core Markets,Germany,20776,140.0,140.0,0.0,0,1,0,budget_only,2026-03-20
Core Markets,Germany,20778,2902.92822,2902.92822,2628.46,48,1,1,both,2026-03-20
Core Markets,Germany,20781,935.03662,935.03662,0.0,0,1,0,budget_only,2026-03-20
Core Markets,Germany,20788,20.0,20.0,0.0,0,1,0,budget_only,2026-03-20
Core Markets,Germany,20791,983.70878,983.70878,0.0,0,1,0,budget_only,2026-03-20
Core Markets,Germany,20794,0.0,0.0,0.0,4,0,0,actual_only,2026-03-20
Core Markets,Germany,20798,260.0,260.0,0.0,0,1,0,budget_only,2026-03-20
Core Markets,Germany,20799,20.0,20.0,0.0,0,1,0,budget_only,2026-03-20
Core Markets,Germany,20808,27134.15775,27134.15775,0.0,0,1,0,budget_only,2026-03-20
Core Markets,Germany,20811,806.6854400000002,806.6854400000002,0.0,0,1,0,budget_only,2026-03-20
Core Markets,Germany,20814,594.1151600000002,594.1151600000002,0.0,0,1,0,budget_only,2026-03-20
Core Markets,Germany,20823,50.0,50.0,0.0,0,1,0,budget_only,2026-03-20
Core Markets,Germany,20825,1089.1637,1089.1637,692.02,10,1,1,both,2026-03-20
Core Markets,Germany,20828,1672.08472,1672.08472,1438.95,28,1,1,both,2026-03-20
Core Markets,Germany,20830,3880.029720000001,3880.029720000001,2528.07,39,1,1,both,2026-03-20
Core Markets,Germany,20840,30.0,30.0,0.0,0,1,0,budget_only,2026-03-20
Core Markets,Germany,20845,300.0,300.0,0.0,0,1,0,budget_only,2026-03-20
Core Markets,Germany,20847,50.0,50.0,358.53999999999996,18,1,1,both,2026-03-20
Core Markets,Germany,20848,9106.63172,9106.63172,0.0,0,1,0,budget_only,2026-03-20
Core Markets,Germany,20850,220.0,220.0,0.0,0,1,0,budget_only,2026-03-20
Core Markets,Germany,20851,400.0,400.0,0.0,0,1,0,budget_only,2026-03-20
Core Markets,Germany,20857,1089.8902299999995,1089.8902299999995,0.0,0,1,0,budget_only,2026-03-20
Core Markets,Germany,20861,100.0,100.0,0.0,0,1,0,budget_only,2026-03-20
Core Markets,Germany,20866,474.4295,474.4295,0.0,0,1,0,budget_only,2026-03-20
Core Markets,Germany,20872,809.6576400000001,809.6576400000001,0.0,0,1,0,budget_only,2026-03-20
Core Markets,Germany,20874,170.0,170.0,0.0,0,1,0,budget_only,2026-03-20
Core Markets,Germany,20875,0.0,0.0,725.1999999999999,34,0,1,actual_only,2026-03-20
Core Markets,Germany,20877,3371.7497600000006,3371.7497600000006,1601.8700000000001,32,1,1,both,2026-03-20
Core Markets,Germany,20879,240.0,240.0,547.26,14,1,1,both,2026-03-20
Core Markets,Germany,20881,1727.6530600000003,1727.6530600000003,263.0,8,1,1,both,2026-03-20
Core Markets,Germany,20886,824.3747200000003,824.3747200000003,0.0,0,1,0,budget_only,2026-03-20
Core Markets,Germany,20898,4281.27437,4281.27437,0.0,0,1,0,budget_only,2026-03-20
Core Markets,Germany,20901,150.0,150.0,0.0,0,1,0,budget_only,2026-03-20
Core Markets,Germany,20902,220.0,220.0,0.0,0,1,0,budget_only,2026-03-20
Core Markets,Germany,20906,931.9149000000002,931.9149000000002,0.0,0,1,0,budget_only,2026-03-20
Core Markets,Germany,20907,80.0,80.0,0.0,0,1,0,budget_only,2026-03-20
Core Markets,Germany,20908,0.0,0.0,2129.3,50,0,1,actual_only,2026-03-20
Core Markets,Germany,20910,448.6482,448.6482,103.84,4,1,1,both,2026-03-20
Core Markets,Germany,20911,190.0,190.0,0.0,0,1,0,budget_only,2026-03-20
Core Markets,Germany,20912,3717.24192,3717.24192,0.0,0,1,0,budget_only,2026-03-20
Core Markets,Germany,20917,5121.86488,5121.86488,0.0,0,1,0,budget_only,2026-03-20
Core Markets,Germany,20918,1527.6540100000002,1527.6540100000002,0.0,0,1,0,budget_only,2026-03-20
Core Markets,Germany,20920,1210.25861,1210.25861,277.29,8,1,1,both,2026-03-20
Core Markets,Germany,20922,200.0,200.0,0.0,0,1,0,budget_only,2026-03-20
Core Markets,Germany,20923,1598.10516,1598.10516,0.0,0,1,0,budget_only,2026-03-20
Core Markets,Germany,20924,0.0,0.0,0.0,0,0,0,actual_only,2026-03-20
Core Markets,Germany,20925,800.0,800.0,0.0,0,1,0,budget_only,2026-03-20
Core Markets,Germany,20926,50.0,50.0,0.0,0,1,0,budget_only,2026-03-20
Core Markets,Germany,20929,1574.0859600000003,1574.0859600000003,0.0,0,1,0,budget_only,2026-03-20
Core Markets,Germany,20932,2912.51539,2912.51539,0.0,0,1,0,budget_only,2026-03-20
Core Markets,Germany,20933,3948.2884,3948.2884,887.59,13,1,1,both,2026-03-20
Core Markets,Germany,20934,150.0,150.0,0.0,0,1,0,budget_only,2026-03-20
Core Markets,Germany,20937,176.17094000000003,176.17094000000003,0.0,0,1,0,budget_only,2026-03-20
Core Markets,Germany,20939,534.21986,534.21986,0.0,0,1,0,budget_only,2026-03-20
Core Markets,Germany,20940,6765.351420000001,6765.351420000001,0.0,0,1,0,budget_only,2026-03-20
Core Markets,Germany,20947,30.0,30.0,0.0,0,1,0,budget_only,2026-03-20
Core Markets,Germany,20948,4251.69432,4251.69432,0.0,0,1,0,budget_only,2026-03-20
Core Markets,Germany,20949,128.366,128.366,0.0,0,1,0,budget_only,2026-03-20
Core Markets,Germany,20952,285.12304000000006,285.12304000000006,0.0,0,1,0,budget_only,2026-03-20
Core Markets,Germany,20956,312.20856000000003,312.20856000000003,0.0,0,1,0,budget_only,2026-03-20
Core Markets,Germany,20964,1450.5951600000003,1450.5951600000003,0.0,0,1,0,budget_only,2026-03-20
Core Markets,Germany,20966,41.26156,41.26156,0.0,0,1,0,budget_only,2026-03-20
Core Markets,Germany,20969,1335.72808,1335.72808,993.9200000000001,23,1,1,both,2026-03-20
Core Markets,Germany,20981,637.0293600000001,637.0293600000001,0.0,0,1,0,budget_only,2026-03-20
Core Markets,Germany,20982,400.0,400.0,228.65,4,1,1,both,2026-03-20
Core Markets,Germany,20983,100.0,100.0,0.0,2,1,0,budget_only,2026-03-20
Core Markets,Germany,20984,948.28644,948.28644,0.0,0,1,0,budget_only,2026-03-20
Core Markets,Germany,20985,1874.67534,1874.67534,813.15,17,1,1,both,2026-03-20
Core Markets,Germany,20986,2277.4737600000003,2277.4737600000003,2350.1,41,1,1,both,2026-03-20
Core Markets,Germany,20990,1606.3128900000002,1606.3128900000002,1732.8500000000001,34,1,1,both,2026-03-20
Core Markets,Germany,20992,2510.4950200000003,2510.4950200000003,1130.26,31,1,1,both,2026-03-20
Core Markets,Germany,20995,350.0,350.0,0.0,0,1,0,budget_only,2026-03-20
Core Markets,Germany,20997,377.148,377.148,0.0,0,1,0,budget_only,2026-03-20
Core Markets,Germany,21002,0.0,0.0,2296.04,66,0,1,actual_only,2026-03-20
Core Markets,Germany,21024,0.0,0.0,1755.01,27,0,1,actual_only,2026-03-20
Core Markets,Germany,21041,0.0,0.0,16.9,3,0,1,actual_only,2026-03-20
Core Markets,Germany,21042,0.0,0.0,1153.51,36,0,1,actual_only,2026-03-20
Core Markets,Germany,21047,0.0,0.0,4054.47,90,0,1,actual_only,2026-03-20
Core Markets,Germany,21049,0.0,0.0,854.1800000000001,27,0,1,actual_only,2026-03-20
Core Markets,Germany,21050,0.0,0.0,6076.3,87,0,1,actual_only,2026-03-20
Core Markets,Germany,21059,0.0,0.0,3081.89,31,0,1,actual_only,2026-03-20
Core Markets,Germany,21061,0.0,0.0,1545.61,48,0,1,actual_only,2026-03-20
Core Markets,Germany,21063,0.0,0.0,206.26,2,0,1,actual_only,2026-03-20
Core Markets,Germany,21066,0.0,0.0,1087.97,21,0,1,actual_only,2026-03-20
Core Markets,Germany,21069,0.0,0.0,4707.08,66,0,1,actual_only,2026-03-20
Core Markets,Germany,21092,0.0,0.0,8301.05,87,0,1,actual_only,2026-03-20
Core Markets,Germany,21098,0.0,0.0,3323.24,39,0,1,actual_only,2026-03-20
Core Markets,Germany,21104,0.0,0.0,827.62,10,0,1,actual_only,2026-03-20
Core Markets,Germany,21105,0.0,0.0,1717.94,45,0,1,actual_only,2026-03-20
Core Markets,Germany,21106,0.0,0.0,10643.84,162,0,1,actual_only,2026-03-20
Core Markets,Germany,21109,0.0,0.0,1170.55,39,0,1,actual_only,2026-03-20
Core Markets,Germany,21800,0.0,0.0,2020.08,45,0,1,actual_only,2026-03-20
Core Markets,Germany,29000,170.79780000000002,170.79780000000002,0.0,0,1,0,budget_only,2026-03-20
Core Markets,Germany,29001,343.07006000000007,343.07006000000007,0.0,0,1,0,budget_only,2026-03-20
Core Markets,Germany,29003,400.0,400.0,0.0,0,1,0,budget_only,2026-03-20
Core Markets,Germany,29004,841.20725,841.20725,0.0,0,1,0,budget_only,2026-03-20
Core Markets,Germany,29012,200.0,200.0,830.74,14,1,1,both,2026-03-20
Core Markets,Germany,29013,2448.830920000001,2448.830920000001,0.0,0,1,0,budget_only,2026-03-20
Core Markets,Germany,29014,400.0,400.0,0.0,0,1,0,budget_only,2026-03-20
Core Markets,Germany,29015,392.38505,392.38505,0.0,0,1,0,budget_only,2026-03-20
Core Markets,Germany,29016,300.0,300.0,0.0,0,1,0,budget_only,2026-03-20
Core Markets,Germany,29017,2536.79669,2536.79669,861.53,37,1,1,both,2026-03-20
Core Markets,Germany,29019,1000.0,1000.0,0.0,0,1,0,budget_only,2026-03-20
Core Markets,Germany,29020,1000.0,1000.0,0.0,0,1,0,budget_only,2026-03-20
Core Markets,Germany,29021,2500.0,2500.0,347.58,8,1,1,both,2026-03-20
Core Markets,Germany,29022,1992.6588600000005,1992.6588600000005,504.03,13,1,1,both,2026-03-20
Core Markets,Germany,29023,1000.0,1000.0,0.0,0,1,0,budget_only,2026-03-20
Core Markets,Germany,29024,5247.716560000001,5247.716560000001,0.0,0,1,0,budget_only,2026-03-20
Core Markets,Germany,29025,1000.0,1000.0,0.0,0,1,0,budget_only,2026-03-20
Core Markets,Germany,29026,1006.59287,1006.59287,0.0,1,1,0,budget_only,2026-03-20
Core Markets,Germany,29027,1000.0,1000.0,0.0,0,1,0,budget_only,2026-03-20
Core Markets,Germany,29028,1000.0,1000.0,373.64,7,1,1,both,2026-03-20
Core Markets,Germany,29029,250.0,250.0,0.0,0,1,0,budget_only,2026-03-20
Core Markets,Germany,29031,1000.0,1000.0,0.0,0,1,0,budget_only,2026-03-20
Core Markets,Germany,29033,900.0,900.0,457.47,17,1,1,both,2026-03-20
Core Markets,Germany,29034,0.0,0.0,273.93,6,0,1,actual_only,2026-03-20
Core Markets,Germany,30000,0.0,0.0,618.38,12,0,1,actual_only,2026-03-20
Core Markets,Germany,30019,0.0,0.0,0.0,4,0,0,actual_only,2026-03-20
Core Markets,Germany,30035,0.0,0.0,0.0,4,0,0,actual_only,2026-03-20
Core Markets,Germany,30055,0.0,0.0,0.0,72,0,0,actual_only,2026-03-20
Core Markets,Germany,30066,14000.0,14000.0,4711.14,65,1,1,both,2026-03-20
Core Markets,Germany,30078,0.0,0.0,0.0,40,0,0,actual_only,2026-03-20
Core Markets,Germany,30276,0.0,0.0,0.0,2,0,0,actual_only,2026-03-20
Core Markets,Germany,30303,0.0,0.0,0.0,236,0,0,actual_only,2026-03-20
Core Markets,Germany,30608,0.0,0.0,531.88,2,0,1,actual_only,2026-03-20
Core Markets,Germany,30618,0.0,0.0,41.4,2,0,1,actual_only,2026-03-20
Core Markets,Germany,30634,0.0,0.0,53.24,2,0,1,actual_only,2026-03-20
Core Markets,Germany,30676,3500.0,3500.0,830.48,16,1,1,both,2026-03-20
Core Markets,Germany,30678,2500.0,2500.0,795.17,11,1,1,both,2026-03-20
Core Markets,Germany,30714,0.0,0.0,97.3,4,0,1,actual_only,2026-03-20
Core Markets,Germany,30720,0.0,0.0,0.0,4,0,0,actual_only,2026-03-20
Core Markets,Germany,30722,0.0,0.0,0.0,34,0,0,actual_only,2026-03-20
Core Markets,Germany,30725,0.0,0.0,0.0,42,0,0,actual_only,2026-03-20
Core Markets,Germany,30766,0.0,0.0,0.0,2,0,0,actual_only,2026-03-20
Core Markets,Germany,30771,0.0,0.0,0.0,56,0,0,actual_only,2026-03-20
Core Markets,Germany,30772,0.0,0.0,212.32,10,0,1,actual_only,2026-03-20
Core Markets,Germany,31027,0.0,0.0,660.3399999999999,20,0,1,actual_only,2026-03-20
Core Markets,Germany,31038,0.0,0.0,0.0,8,0,0,actual_only,2026-03-20
Core Markets,Germany,31041,0.0,0.0,23883.0,4,0,1,actual_only,2026-03-20
Core Markets,Germany,31189,0.0,0.0,0.0,4,0,0,actual_only,2026-03-20
Core Markets,Germany,31226,0.0,0.0,0.0,2,0,0,actual_only,2026-03-20
Core Markets,Germany,48001,0.0,0.0,47041.5,3586,0,1,actual_only,2026-03-20
Core Markets,Germany,48002,0.0,0.0,2754.96,206,0,1,actual_only,2026-03-20
Core Markets,Germany,48003,0.0,0.0,1928.0,82,0,1,actual_only,2026-03-20
Core Markets,Germany,48004,0.0,0.0,255.92,22,0,1,actual_only,2026-03-20
Core Markets,Germany,48005,0.0,0.0,1487.32,72,0,1,actual_only,2026-03-20
Core Markets,Germany,48007,0.0,0.0,2151.16,122,0,1,actual_only,2026-03-20
Core Markets,Germany,48009,0.0,0.0,2172.7999999999997,102,0,1,actual_only,2026-03-20
Core Markets,Germany,48011,0.0,0.0,191.8,20,0,1,actual_only,2026-03-20
Core Markets,Germany,48013,0.0,0.0,120.0,20,0,1,actual_only,2026-03-20
Core Markets,Germany,48015,0.0,0.0,1006.52,64,0,1,actual_only,2026-03-20
Core Markets,Germany,48018,0.0,0.0,695.64,24,0,1,actual_only,2026-03-20
Core Markets,Germany,48022,0.0,0.0,375.6,22,0,1,actual_only,2026-03-20
Core Markets,Italy,-26,4000.0,4000.0,0.0,0,1,0,budget_only,2026-03-20
Core Markets,Italy,28500,1500.0,1500.0,0.0,0,1,0,budget_only,2026-03-20
Core Markets,Nordics,24000,0.0,0.0,-2487.2,1,0,1,actual_only,2026-03-20
Core Markets,Nordics,24002,0.0,0.0,1165.29,24,0,1,actual_only,2026-03-20
Core Markets,Nordics,24007,0.0,0.0,1075.09,16,0,1,actual_only,2026-03-20
Core Markets,Nordics,24009,0.0,0.0,942.68,11,0,1,actual_only,2026-03-20
Core Markets,Nordics,24014,0.0,0.0,1734.28,29,0,1,actual_only,2026-03-20
Core Markets,Nordics,24027,0.0,0.0,683.87,13,0,1,actual_only,2026-03-20
Core Markets,Nordics,24028,0.0,0.0,516.26,18,0,1,actual_only,2026-03-20
Core Markets,Nordics,24031,0.0,0.0,1007.5,17,0,1,actual_only,2026-03-20
Core Markets,Nordics,24034,0.0,0.0,3943.69,41,0,1,actual_only,2026-03-20
Core Markets,Nordics,30735,0.0,0.0,0.0,4,0,0,actual_only,2026-03-20
Core Markets,Spain,-25,0.0,0.0,0.0,0,0,0,actual_only,2026-03-20
Core Markets,Spain,-26,4000.0,4000.0,0.0,0,1,0,budget_only,2026-03-20
Core Markets,Spain,20723,1200.0,1200.0,0.0,0,1,0,budget_only,2026-03-20
Core Markets,Spain,20749,1500.0,1500.0,0.0,0,1,0,budget_only,2026-03-20
Core Markets,Spain,20916,1200.0,1200.0,0.0,0,1,0,budget_only,2026-03-20
Core Markets,Spain,23000,0.0,0.0,982.12,23,0,1,actual_only,2026-03-20
Core Markets,Spain,23001,0.0,0.0,1652.7599999999989,69,0,1,actual_only,2026-03-20
Core Markets,Spain,23009,0.0,0.0,-3398.330000000001,37,0,1,actual_only,2026-03-20
Core Markets,Spain,23010,0.0,0.0,502.14,5,0,1,actual_only,2026-03-20
Core Markets,Spain,23014,0.0,0.0,851.88,20,0,1,actual_only,2026-03-20
Core Markets,Spain,23038,0.0,0.0,750.4399999999999,15,0,1,actual_only,2026-03-20
Core Markets,Spain,23043,0.0,0.0,1547.98,27,0,1,actual_only,2026-03-20
Core Markets,Spain,23047,0.0,0.0,2599.7,64,0,1,actual_only,2026-03-20
Core Markets,Spain,23069,0.0,0.0,-303.86,1,0,1,actual_only,2026-03-20
Core Markets,Spain,23086,0.0,0.0,634.05,13,0,1,actual_only,2026-03-20
Core Markets,Spain,23112,0.0,0.0,836.88,24,0,1,actual_only,2026-03-20
Core Markets,Spain,23121,0.0,0.0,741.96,13,0,1,actual_only,2026-03-20
Core Markets,Spain,26001,1000.0,1000.0,0.0,0,1,0,budget_only,2026-03-20
Core Markets,Spain,26002,2800.0,2800.0,0.0,0,1,0,budget_only,2026-03-20
Core Markets,Spain,26004,2200.0,2200.0,0.0,0,1,0,budget_only,2026-03-20
Core Markets,Spain,26005,0.0,0.0,0.0,0,0,0,actual_only,2026-03-20
Core Markets,Spain,26006,1000.0,1000.0,0.0,0,1,0,budget_only,2026-03-20
Core Markets,Spain,26010,400.0,400.0,0.0,0,1,0,budget_only,2026-03-20
Core Markets,Spain,26013,0.0,0.0,0.0,0,0,0,actual_only,2026-03-20
Core Markets,Spain,26015,3000.0,3000.0,0.0,0,1,0,budget_only,2026-03-20
Core Markets,Spain,26016,2000.0,2000.0,0.0,0,1,0,budget_only,2026-03-20
Core Markets,Spain,30669,0.0,0.0,0.0,46,0,0,actual_only,2026-03-20
Core Markets,Spain,35946,1200.0,1200.0,0.0,0,1,0,budget_only,2026-03-20
Core Markets,Switzerland,-25,0.0,0.0,0.0,0,0,0,actual_only,2026-03-20
Core Markets,Switzerland,-26,9000.0,5000.0,0.0,0,1,0,budget_only,2026-03-20
Core Markets,Switzerland,20009,0.0,0.0,249.54000000000002,5,0,1,actual_only,2026-03-20
Core Markets,Switzerland,20161,0.0,0.0,554.21,13,0,1,actual_only,2026-03-20
Core Markets,Switzerland,20370,0.0,0.0,607.71,12,0,1,actual_only,2026-03-20
Core Markets,Switzerland,20699,0.0,0.0,1256.24,12,0,1,actual_only,2026-03-20
Core Markets,Switzerland,20923,0.0,0.0,600.77,9,0,1,actual_only,2026-03-20
Core Markets,Switzerland,20948,0.0,0.0,2205.6,34,0,1,actual_only,2026-03-20
Core Markets,Switzerland,20956,0.0,0.0,343.83,14,0,1,actual_only,2026-03-20
Core Markets,Switzerland,21002,750.0,0.0,0.0,0,1,0,budget_only,2026-03-20
Core Markets,Switzerland,21006,324.24638000000004,0.0,0.0,0,1,0,budget_only,2026-03-20
Core Markets,Switzerland,21008,0.0,0.0,0.0,0,0,0,actual_only,2026-03-20
Core Markets,Switzerland,21009,528.5265,0.0,0.0,0,1,0,budget_only,2026-03-20
Core Markets,Switzerland,21012,445.92785,0.0,0.0,0,1,0,budget_only,2026-03-20
Core Markets,Switzerland,21013,2311.23745,0.0,0.0,0,1,0,budget_only,2026-03-20
Core Markets,Switzerland,21014,1114.95177,0.0,0.0,0,1,0,budget_only,2026-03-20
Core Markets,Switzerland,21016,750.0,0.0,0.0,0,1,0,budget_only,2026-03-20
Core Markets,Switzerland,21020,0.0,0.0,0.0,0,0,0,actual_only,2026-03-20
Core Markets,Switzerland,21021,243.04087,0.0,0.0,0,1,0,budget_only,2026-03-20
Core Markets,Switzerland,21022,669.7076500000001,0.0,0.0,0,1,0,budget_only,2026-03-20
Core Markets,Switzerland,21024,733.4422000000001,0.0,0.0,0,1,0,budget_only,2026-03-20
Core Markets,Switzerland,21025,277.53125,0.0,0.0,0,1,0,budget_only,2026-03-20
Core Markets,Switzerland,21027,1334.6356100000005,0.0,0.0,0,1,0,budget_only,2026-03-20
Core Markets,Switzerland,21038,199.8546,0.0,0.0,0,1,0,budget_only,2026-03-20
Core Markets,Switzerland,21041,750.0,0.0,0.0,0,1,0,budget_only,2026-03-20
Core Markets,Switzerland,21042,640.61863,0.0,0.0,0,1,0,budget_only,2026-03-20
Core Markets,Switzerland,21045,750.0,750.0,0.0,0,1,0,budget_only,2026-03-20
Core Markets,Switzerland,21047,1283.8716000000002,0.0,0.0,0,1,0,budget_only,2026-03-20
Core Markets,Switzerland,21049,1297.62324,0.0,0.0,0,1,0,budget_only,2026-03-20
Core Markets,Switzerland,21050,3268.8928,0.0,0.0,0,1,0,budget_only,2026-03-20
Core Markets,Switzerland,21053,416.2835,0.0,0.0,0,1,0,budget_only,2026-03-20
Core Markets,Switzerland,21059,1281.1762700000002,0.0,0.0,0,1,0,budget_only,2026-03-20
Core Markets,Switzerland,21061,1980.01681,0.0,0.0,0,1,0,budget_only,2026-03-20
Core Markets,Switzerland,21063,1500.0,0.0,0.0,0,1,0,budget_only,2026-03-20
Core Markets,Switzerland,21064,2290.3778,0.0,0.0,0,1,0,budget_only,2026-03-20
Core Markets,Switzerland,21066,1669.9778900000006,0.0,0.0,0,1,0,budget_only,2026-03-20
Core Markets,Switzerland,21068,3821.745750000001,0.0,0.0,0,1,0,budget_only,2026-03-20
Core Markets,Switzerland,21069,2489.7937,0.0,0.0,0,1,0,budget_only,2026-03-20
Core Markets,Switzerland,21072,146.35246,0.0,0.0,0,1,0,budget_only,2026-03-20
Core Markets,Switzerland,21074,1715.60804,0.0,0.0,0,1,0,budget_only,2026-03-20
Core Markets,Switzerland,21075,0.0,0.0,0.0,0,0,0,actual_only,2026-03-20
Core Markets,Switzerland,21078,1700.0,0.0,0.0,0,1,0,budget_only,2026-03-20
Core Markets,Switzerland,21083,718.9233700000001,0.0,0.0,0,1,0,budget_only,2026-03-20
Core Markets,Switzerland,21085,1394.60162,0.0,0.0,0,1,0,budget_only,2026-03-20
Core Markets,Switzerland,21087,106.83308000000002,0.0,0.0,0,1,0,budget_only,2026-03-20
Core Markets,Switzerland,21088,351.50570000000005,0.0,0.0,0,1,0,budget_only,2026-03-20
Core Markets,Switzerland,21092,9500.0,0.0,0.0,0,1,0,budget_only,2026-03-20
Core Markets,Switzerland,21098,2086.3448500000004,0.0,0.0,0,1,0,budget_only,2026-03-20
Core Markets,Switzerland,21101,0.0,0.0,0.0,0,0,0,actual_only,2026-03-20
Core Markets,Switzerland,21102,1250.0,1250.0,0.0,0,1,0,budget_only,2026-03-20
Core Markets,Switzerland,21103,0.0,0.0,0.0,0,0,0,actual_only,2026-03-20
Core Markets,Switzerland,21104,3073.8071900000004,0.0,0.0,0,1,0,budget_only,2026-03-20
Core Markets,Switzerland,21105,963.87954,0.0,0.0,0,1,0,budget_only,2026-03-20
Core Markets,Switzerland,21106,2309.66562,0.0,0.0,0,1,0,budget_only,2026-03-20
Core Markets,Switzerland,21107,500.0,500.0,0.0,0,1,0,budget_only,2026-03-20
Core Markets,Switzerland,21108,1000.0,0.0,0.0,0,1,0,budget_only,2026-03-20
Core Markets,Switzerland,21109,466.4140700000001,0.0,0.0,0,1,0,budget_only,2026-03-20
Core Markets,Switzerland,21110,1250.0,0.0,0.0,0,1,0,budget_only,2026-03-20
Core Markets,Switzerland,21111,784.8792400000001,0.0,0.0,0,1,0,budget_only,2026-03-20
Core Markets,Switzerland,21112,0.0,0.0,0.0,0,0,0,actual_only,2026-03-20
Core Markets,Switzerland,21113,1700.0,0.0,0.0,0,1,0,budget_only,2026-03-20
Core Markets,Switzerland,21114,2864.1255999999994,0.0,0.0,0,1,0,budget_only,2026-03-20
Core Markets,Switzerland,21116,2552.0550000000003,0.0,0.0,0,1,0,budget_only,2026-03-20
Core Markets,Switzerland,21117,1000.0,1000.0,0.0,0,1,0,budget_only,2026-03-20
Core Markets,Switzerland,21800,27.603860000000005,0.0,0.0,0,1,0,budget_only,2026-03-20
Core Markets,Switzerland,30711,0.0,0.0,0.0,2,0,0,actual_only,2026-03-20
Export,Americas,30007,0.0,0.0,490.38,60,0,1,actual_only,2026-03-20
Export,Distributor - APAC,21102,0.0,0.0,1828.7,27,0,1,actual_only,2026-03-20
Export,Distributor - APAC,27045,0.0,0.0,0.0,1,0,0,actual_only,2026-03-20
Export,Distributor - APAC,31026,0.0,0.0,633.38,60,0,1,actual_only,2026-03-20
Export,Eastern Europe,27049,0.0,0.0,0.0,1,0,0,actual_only,2026-03-20
Export,Export,-200002,75000.0,75000.0,0.0,0,1,0,budget_only,2026-03-20
Export,Export,-200003,38700.0,38700.0,0.0,0,1,0,budget_only,2026-03-20
Export,Export,-200005,45750.0,45750.0,0.0,0,1,0,budget_only,2026-03-20
Export,Export,-200006,3000.0,3000.0,0.0,0,1,0,budget_only,2026-03-20
Export,Export,-200008,2880.0,2880.0,0.0,0,1,0,budget_only,2026-03-20
Export,Export,-200011,26400.0,26400.0,0.0,0,1,0,budget_only,2026-03-20
Export,Export,-200012,18000.0,18000.0,0.0,0,1,0,budget_only,2026-03-20
Export,Export - Other ROW,10016,0.0,0.0,44865.44,49,0,1,actual_only,2026-03-20
Export,Export - Other ROW,10018,0.0,0.0,44692.04,75,0,1,actual_only,2026-03-20
Export,Export - Other ROW,10031,0.0,0.0,1208.45,25,0,1,actual_only,2026-03-20
Export,Export - Other ROW,10043,0.0,0.0,0.0,1,0,0,actual_only,2026-03-20
Export,Export - Other ROW,10047,0.0,0.0,9795.98,91,0,1,actual_only,2026-03-20
Export,Export - Other ROW,10049,0.0,0.0,12932.21,76,0,1,actual_only,2026-03-20
Export,Export - Other ROW,10067,0.0,0.0,8056.34,244,0,1,actual_only,2026-03-20
Export,International,20070,0.0,0.0,3201.76,42,0,1,actual_only,2026-03-20
Export,International,20130,0.0,0.0,709.04,20,0,1,actual_only,2026-03-20
Export,International,20142,0.0,0.0,6443.32,94,0,1,actual_only,2026-03-20
Export,International,20188,0.0,0.0,449.04,16,0,1,actual_only,2026-03-20
Export,International,20201,0.0,0.0,530.7,14,0,1,actual_only,2026-03-20
Export,International,20245,0.0,0.0,11310.02,114,0,1,actual_only,2026-03-20
Export,International,20276,0.0,0.0,-12.399999999999999,12,0,1,actual_only,2026-03-20
Export,International,20295,0.0,0.0,1242.8400000000001,12,0,1,actual_only,2026-03-20
Export,International,20309,0.0,0.0,1551.94,36,0,1,actual_only,2026-03-20
Export,International,20317,0.0,0.0,2165.26,56,0,1,actual_only,2026-03-20
Export,International,20331,0.0,0.0,1278.3,28,0,1,actual_only,2026-03-20
Export,International,20345,0.0,0.0,3659.24,68,0,1,actual_only,2026-03-20
Export,International,20346,0.0,0.0,2031.84,68,0,1,actual_only,2026-03-20
Export,International,20371,0.0,0.0,704.0600000000001,16,0,1,actual_only,2026-03-20
Export,International,20434,0.0,0.0,5833.0,96,0,1,actual_only,2026-03-20
Export,International,20509,0.0,0.0,2475.42,30,0,1,actual_only,2026-03-20
Export,International,20570,0.0,0.0,919.94,42,0,1,actual_only,2026-03-20
Export,International,20573,0.0,0.0,1021.26,32,0,1,actual_only,2026-03-20
Export,International,20601,0.0,0.0,18376.32,162,0,1,actual_only,2026-03-20
Export,International,20613,0.0,0.0,3343.52,76,0,1,actual_only,2026-03-20
Export,International,20615,0.0,0.0,4719.18,52,0,1,actual_only,2026-03-20
Export,International,20619,0.0,0.0,554.18,14,0,1,actual_only,2026-03-20
Export,International,20646,0.0,0.0,1264.02,28,0,1,actual_only,2026-03-20
Export,International,20679,0.0,0.0,3001.6,44,0,1,actual_only,2026-03-20
Export,International,20710,0.0,0.0,1897.22,32,0,1,actual_only,2026-03-20
Export,International,20731,0.0,0.0,-37134.52,4,0,1,actual_only,2026-03-20
Export,International,20808,0.0,0.0,91108.78,252,0,1,actual_only,2026-03-20
Export,International,20811,0.0,0.0,1807.52,28,0,1,actual_only,2026-03-20
Export,International,20848,0.0,0.0,-3750.1600000000003,150,0,1,actual_only,2026-03-20
Export,International,20866,0.0,0.0,0.0,2,0,0,actual_only,2026-03-20
Export,International,20874,0.0,0.0,1193.66,32,0,1,actual_only,2026-03-20
Export,International,20906,0.0,0.0,93.86,2,0,1,actual_only,2026-03-20
Export,International,20912,0.0,0.0,3730.0,76,0,1,actual_only,2026-03-20
Export,International,20917,0.0,0.0,4360.24,30,0,1,actual_only,2026-03-20
Export,International,20925,0.0,0.0,788.62,26,0,1,actual_only,2026-03-20
Export,International,20929,0.0,0.0,80.04,2,0,1,actual_only,2026-03-20
Export,International,20940,0.0,0.0,6398.98,84,0,1,actual_only,2026-03-20
Export,International,20952,0.0,0.0,68.08,2,0,1,actual_only,2026-03-20
Export,International,20964,0.0,0.0,1929.18,64,0,1,actual_only,2026-03-20
Export,International,20966,0.0,0.0,1716.16,58,0,1,actual_only,2026-03-20
Export,International,20997,0.0,0.0,3449.0,100,0,1,actual_only,2026-03-20
Export,International,29000,0.0,0.0,723.6800000000001,18,0,1,actual_only,2026-03-20
UK,Global eTailers,51175,0.0,0.0,0.0,0,0,0,actual_only,2026-03-20
UK,Global eTailers,51176,2500.0,0.0,0.0,0,1,0,budget_only,2026-03-20
UK,Interco,51202,0.0,0.0,0.0,100,0,0,actual_only,2026-03-20
UK,Retail,51101,10620.0,0.0,0.0,0,1,0,budget_only,2026-03-20
UK,Retail,51172,3600.0,0.0,0.0,0,1,0,budget_only,2026-03-20
UK,Retail,51183,180.0,0.0,0.0,0,1,0,budget_only,2026-03-20
UK,Spa,-25,0.0,0.0,0.0,0,0,0,actual_only,2026-03-20
UK,Spa,-26,4000.0,0.0,0.0,0,1,0,budget_only,2026-03-20
UK,Spa,51184,1800.0,0.0,0.0,0,1,0,budget_only,2026-03-20
UK,Spa,51185,450.0,0.0,0.0,0,1,0,budget_only,2026-03-20
UK,Spa,51186,180.0,0.0,0.0,0,1,0,budget_only,2026-03-20
UK,Spa,51187,360.0,0.0,0.0,0,1,0,budget_only,2026-03-20
UK,Spa,51189,3150.0,0.0,0.0,0,1,0,budget_only,2026-03-20
UK,Spa,51191,630.0,0.0,0.0,0,1,0,budget_only,2026-03-20
UK,Spa,51192,1080.0,0.0,0.0,0,1,0,budget_only,2026-03-20
UK,Spa,51194,900.0,0.0,0.0,0,1,0,budget_only,2026-03-20
UK,Spa,51196,900.0,0.0,0.0,0,1,0,budget_only,2026-03-20
UK,Spa,53000,0.0,0.0,0.0,0,0,0,actual_only,2026-03-20
UK,Spa,53014,1350.0,0.0,0.0,0,1,0,budget_only,2026-03-20
UK,Spa,53015,630.0,0.0,0.0,0,1,0,budget_only,2026-03-20
UK,Spa,53016,180.0,0.0,0.0,0,1,0,budget_only,2026-03-20
UK,Spa,53017,0.0,0.0,0.0,0,0,0,actual_only,2026-03-20
UK,Spa,53018,1350.0,0.0,0.0,0,1,0,budget_only,2026-03-20
UK,Spa,53019,450.0,0.0,0.0,0,1,0,budget_only,2026-03-20
UK,Spa,53020,3600.0,0.0,0.0,0,1,0,budget_only,2026-03-20
UK,Spa,53021,900.0,0.0,0.0,0,1,0,budget_only,2026-03-20
UK,UK,51157,0.0,0.0,0.0,6,0,0,actual_only,2026-03-20
UK,UK,51172,0.0,0.0,2093.04,12,0,1,actual_only,2026-03-20
UK,UK,51184,0.0,0.0,531.4300000000001,7,0,1,actual_only,2026-03-20
UK,UK,51185,0.0,0.0,238.01999999999998,4,0,1,actual_only,2026-03-20
UK,UK,51189,0.0,0.0,2262.83,21,0,1,actual_only,2026-03-20
UK,UK,51191,0.0,0.0,189.98,5,0,1,actual_only,2026-03-20
UK,UK,51194,0.0,0.0,449.81,8,0,1,actual_only,2026-03-20
UK,UK,51195,0.0,0.0,717.61,4,0,1,actual_only,2026-03-20
UK,UK,51197,0.0,0.0,367.68,1,0,1,actual_only,2026-03-20
UK,UK,53018,0.0,0.0,647.76,14,0,1,actual_only,2026-03-20
UK,UK,53020,0.0,0.0,643.42,6,0,1,actual_only,2026-03-20
UK,UK,59100,0.0,0.0,11147.53,94,0,1,actual_only,2026-03-20
UK,UK,59200,0.0,0.0,494.07000000000005,3,0,1,actual_only,2026-03-20
USA,Central,-25,0.0,0.0,0.0,0,0,0,actual_only,2026-03-20
USA,Central,-26,5000.0,0.0,0.0,0,1,0,budget_only,2026-03-20
USA,Central,25039,0.0,0.0,0.0,0,0,0,actual_only,2026-03-20
USA,Central,25044,2520.0,0.0,844.98,8,1,1,both,2026-03-20
USA,Central,25050,1080.0,0.0,1139.3400000000001,27,1,1,both,2026-03-20
USA,Central,25054,2700.0,0.0,0.0,0,1,0,budget_only,2026-03-20
USA,Central,25056,4500.0,0.0,1456.79,13,1,1,both,2026-03-20
USA,Central,25060,1080.0,0.0,0.0,0,1,0,budget_only,2026-03-20
USA,Central,25068,1080.0,0.0,0.0,0,1,0,budget_only,2026-03-20
USA,Central,25071,900.0,0.0,0.0,0,1,0,budget_only,2026-03-20
USA,Central,25073,1800.0,0.0,0.0,0,1,0,budget_only,2026-03-20
USA,Central,25074,1080.0,0.0,0.0,0,1,0,budget_only,2026-03-20
USA,Interco,25007,0.0,0.0,0.0,79,0,0,actual_only,2026-03-20
USA,Northeast,-25,0.0,0.0,0.0,0,0,0,actual_only,2026-03-20
USA,Northeast,-26,5000.0,0.0,0.0,0,1,0,budget_only,2026-03-20
USA,Northeast,25001,2700.0,0.0,573.67,12,1,1,both,2026-03-20
USA,Northeast,25037,540.0,0.0,156.47,3,1,1,both,2026-03-20
USA,Northeast,25045,540.0,0.0,0.0,0,1,0,budget_only,2026-03-20
USA,Northeast,25049,1800.0,0.0,0.0,0,1,0,budget_only,2026-03-20
USA,Northeast,25061,630.0,0.0,0.0,0,1,0,budget_only,2026-03-20
USA,Northeast,25062,450.0,0.0,0.0,0,1,0,budget_only,2026-03-20
USA,Northeast,25070,2250.0,0.0,0.0,0,1,0,budget_only,2026-03-20
USA,Other,-25,0.0,0.0,0.0,0,0,0,actual_only,2026-03-20
USA,Other,25035,0.0,0.0,0.0,0,0,0,actual_only,2026-03-20
USA,Other,25042,6300.0,0.0,0.0,0,1,0,budget_only,2026-03-20
USA,Other,25075,1800.0,0.0,0.0,0,1,0,budget_only,2026-03-20
USA,Southeast,-25,0.0,0.0,0.0,0,0,0,actual_only,2026-03-20
USA,Southeast,-26,5000.0,0.0,0.0,0,1,0,budget_only,2026-03-20
USA,Southeast,25002,2430.0,0.0,4006.52,14,1,1,both,2026-03-20
USA,Southeast,25008,0.0,0.0,0.0,0,0,0,actual_only,2026-03-20
USA,Southeast,25010,4050.0,0.0,0.0,0,1,0,budget_only,2026-03-20
USA,Southeast,25016,450.0,0.0,243.2,3,1,1,both,2026-03-20
USA,Southeast,25024,0.0,0.0,0.0,0,0,0,actual_only,2026-03-20
USA,Southeast,25026,450.0,0.0,0.0,0,1,0,budget_only,2026-03-20
USA,Southeast,25029,450.0,0.0,622.98,6,1,1,both,2026-03-20
USA,Southeast,25040,900.0,0.0,0.0,0,1,0,budget_only,2026-03-20
USA,Southeast,25042,0.0,0.0,12248.02,39,0,1,actual_only,2026-03-20
USA,Southeast,25043,450.0,0.0,0.0,0,1,0,budget_only,2026-03-20
USA,Southeast,25047,3150.0,0.0,0.0,0,1,0,budget_only,2026-03-20
USA,Southeast,25055,1080.0,0.0,0.0,0,1,0,budget_only,2026-03-20
USA,Southeast,25063,900.0,0.0,0.0,0,1,0,budget_only,2026-03-20
USA,Southeast,25069,90.0,0.0,0.0,0,1,0,budget_only,2026-03-20
USA,Southeast,25076,1080.0,0.0,219.03,6,1,1,both,2026-03-20
USA,USA,10036,0.0,0.0,39893.4,27,0,1,actual_only,2026-03-20
USA,USA,30712,0.0,0.0,0.0,2,0,0,actual_only,2026-03-20
USA,USA,40000,0.0,0.0,35398.07,475,0,1,actual_only,2026-03-20
USA,USA,41000,0.0,0.0,3838.83,17,0,1,actual_only,2026-03-20
USA,West,-25,0.0,0.0,0.0,0,0,0,actual_only,2026-03-20
USA,West,-26,5000.0,0.0,0.0,0,1,0,budget_only,2026-03-20
USA,West,25000,0.0,0.0,0.0,0,0,0,actual_only,2026-03-20
USA,West,25004,540.0,0.0,0.0,0,1,0,budget_only,2026-03-20
USA,West,25012,0.0,0.0,0.0,0,0,0,actual_only,2026-03-20
USA,West,25015,0.0,0.0,0.0,0,0,0,actual_only,2026-03-20
USA,West,25027,10800.0,0.0,2485.46,19,1,1,both,2026-03-20
USA,West,25032,4500.0,0.0,4356.85,24,1,1,both,2026-03-20
USA,West,25036,0.0,0.0,0.0,0,0,0,actual_only,2026-03-20
USA,West,25038,1170.0,0.0,1315.24,9,1,1,both,2026-03-20
USA,West,25046,0.0,0.0,0.0,0,0,0,actual_only,2026-03-20
USA,West,25052,0.0,0.0,0.0,0,0,0,actual_only,2026-03-20
USA,West,25053,180.0,0.0,0.0,0,1,0,budget_only,2026-03-20
USA,West,25058,360.0,0.0,229.5,3,1,1,both,2026-03-20
USA,West,25059,450.0,0.0,0.0,0,1,0,budget_only,2026-03-20
USA,West,25064,0.0,0.0,380.58000000000004,4,0,1,actual_only,2026-03-20
USA,West,25065,450.0,0.0,0.0,0,1,0,budget_only,2026-03-20
USA,West,25066,2700.0,0.0,0.0,0,1,0,budget_only,2026-03-20
USA,West,25067,2700.0,0.0,1058.03,37,1,1,both,2026-03-20
USA,West,25072,1080.0,0.0,0.0,0,1,0,budget_only,2026-03-20
,,,0.0,0.0,6265.1,84,0,1,actual_only,2026-03-20
